value	scorer	Dens	samplename	subtype
-499	0.9183407052579989	2918	Top2	Top2
-498	0.922019417493138	2921	Top2	Top2
-497	0.9224744117182491	2922	Top2	Top2
-496	0.9285531325649075	2925	Top2	Top2
-495	0.9289370517804165	2924	Top2	Top2
-494	0.928412494857549	2926	Top2	Top2
-493	0.9286205146002215	2926	Top2	Top2
-492	0.9257269944024356	2926	Top2	Top2
-491	0.931500520517988	2931	Top2	Top2
-490	0.9346536882584036	2935	Top2	Top2
-489	0.932403564392854	2938	Top2	Top2
-488	0.9341414652012969	2941	Top2	Top2
-487	0.9309831903807535	2943	Top2	Top2
-486	0.933647557127649	2946	Top2	Top2
-485	0.9382829109923475	2950	Top2	Top2
-484	0.9405041821747574	2951	Top2	Top2
-483	0.9392567376497045	2950	Top2	Top2
-482	0.943840756490886	2953	Top2	Top2
-481	0.9435815112382345	2957	Top2	Top2
-480	0.9435815112382345	2962	Top2	Top2
-479	0.942332038031229	2964	Top2	Top2
-478	0.9424776557300315	2965	Top2	Top2
-477	0.9405516895355024	2969	Top2	Top2
-476	0.9420301046512766	2972	Top2	Top2
-475	0.9458198214348436	2975	Top2	Top2
-474	0.9482192375194425	2982	Top2	Top2
-473	0.9471374071891114	2985	Top2	Top2
-472	0.9560442380899665	2990	Top2	Top2
-471	0.958061162363103	2989	Top2	Top2
-470	0.9585360736260301	2989	Top2	Top2
-469	0.9585360736260301	2989	Top2	Top2
-468	0.9565292847250395	2988	Top2	Top2
-467	0.9583813642916905	2991	Top2	Top2
-466	0.9607749877319254	2991	Top2	Top2
-465	0.9650246672146745	2993	Top2	Top2
-464	0.977132358410889	2995	Top2	Top2
-463	0.977326348405859	3001	Top2	Top2
-462	0.9767943667535435	3002	Top2	Top2
-461	0.9754862776341154	3003	Top2	Top2
-460	0.9746698251298594	3006	Top2	Top2
-459	0.9746698251298594	3008	Top2	Top2
-458	0.9809405962410049	3008	Top2	Top2
-457	0.9804855276185875	3010	Top2	Top2
-456	0.9808371649410494	3012	Top2	Top2
-455	0.980268652925504	3018	Top2	Top2
-454	0.9837809457361065	3017	Top2	Top2
-453	0.9866007807626915	3019	Top2	Top2
-452	0.988041874085064	3022	Top2	Top2
-451	0.9890640913376451	3025	Top2	Top2
-450	0.994056721227208	3028	Top2	Top2
-449	0.994324016813804	3031	Top2	Top2
-448	0.9989676441071695	3036	Top2	Top2
-447	1.002546944265125	3038	Top2	Top2
-446	1.008085147555305	3043	Top2	Top2
-445	1.00900984824617	3044	Top2	Top2
-444	1.014573136430925	3045	Top2	Top2
-443	1.0165499055777598	3048	Top2	Top2
-442	1.0155544598604949	3050	Top2	Top2
-441	1.0165499055777598	3053	Top2	Top2
-440	1.01974989458489	3053	Top2	Top2
-439	1.0213452482727	3053	Top2	Top2
-438	1.025149467149285	3058	Top2	Top2
-437	1.02448480496776	3061	Top2	Top2
-436	1.02309446695194	3062	Top2	Top2
-435	1.02421509146319	3063	Top2	Top2
-434	1.029716655283075	3062	Top2	Top2
-433	1.030411436904895	3066	Top2	Top2
-432	1.0302494749987599	3072	Top2	Top2
-431	1.029517113269175	3078	Top2	Top2
-430	1.02971946865859	3085	Top2	Top2
-429	1.03232328356488	3086	Top2	Top2
-428	1.034546989047675	3088	Top2	Top2
-427	1.037633539312855	3090	Top2	Top2
-426	1.0429788362678951	3091	Top2	Top2
-425	1.044798308928185	3094	Top2	Top2
-424	1.04813440882692	3097	Top2	Top2
-423	1.052562912887995	3099	Top2	Top2
-422	1.0609089910279201	3103	Top2	Top2
-421	1.0634685036684899	3105	Top2	Top2
-420	1.0643521518784649	3105	Top2	Top2
-419	1.064671868892015	3107	Top2	Top2
-418	1.0645764735141698	3108	Top2	Top2
-417	1.064626828697955	3110	Top2	Top2
-416	1.064767942238195	3113	Top2	Top2
-415	1.069350279000615	3116	Top2	Top2
-414	1.068119005438445	3120	Top2	Top2
-413	1.0705705691775949	3126	Top2	Top2
-412	1.070641336127085	3129	Top2	Top2
-411	1.07496940188002	3130	Top2	Top2
-410	1.076406776573725	3132	Top2	Top2
-409	1.0809241242482548	3133	Top2	Top2
-408	1.087234712166055	3138	Top2	Top2
-407	1.08989381304418	3140	Top2	Top2
-406	1.08989381304418	3144	Top2	Top2
-405	1.091079953838425	3146	Top2	Top2
-404	1.088898940084695	3149	Top2	Top2
-403	1.088976092773675	3151	Top2	Top2
-402	1.088814252262555	3151	Top2	Top2
-401	1.088814252262555	3152	Top2	Top2
-400	1.091542163992115	3154	Top2	Top2
-399	1.1023390198220753	3155	Top2	Top2
-398	1.10408312991589	3155	Top2	Top2
-397	1.111139982315705	3155	Top2	Top2
-396	1.1107873452248302	3158	Top2	Top2
-395	1.115216849094385	3158	Top2	Top2
-394	1.11798054048339	3160	Top2	Top2
-393	1.12000255616519	3167	Top2	Top2
-392	1.1192550319223602	3173	Top2	Top2
-391	1.1255189066991198	3178	Top2	Top2
-390	1.124666716089975	3181	Top2	Top2
-389	1.1239837935728252	3182	Top2	Top2
-388	1.120224813135395	3184	Top2	Top2
-387	1.1183054245244	3184	Top2	Top2
-386	1.121767185062415	3186	Top2	Top2
-385	1.1202176403539799	3189	Top2	Top2
-384	1.122642588631215	3191	Top2	Top2
-383	1.12102205948805	3195	Top2	Top2
-382	1.126197285923215	3195	Top2	Top2
-381	1.131072294043655	3200	Top2	Top2
-380	1.1295312752951547	3203	Top2	Top2
-379	1.1332975535942649	3203	Top2	Top2
-378	1.134897743317465	3205	Top2	Top2
-377	1.135943431219	3208	Top2	Top2
-376	1.1519046586976698	3211	Top2	Top2
-375	1.15224075849402	3212	Top2	Top2
-374	1.149957205544895	3216	Top2	Top2
-373	1.14879933403452	3216	Top2	Top2
-372	1.15671063822567	3218	Top2	Top2
-371	1.157736882837425	3220	Top2	Top2
-370	1.1595992945637499	3221	Top2	Top2
-369	1.1625006699452651	3226	Top2	Top2
-368	1.15965789329251	3224	Top2	Top2
-367	1.161977264548085	3224	Top2	Top2
-366	1.164559466212535	3227	Top2	Top2
-365	1.164559466212535	3229	Top2	Top2
-364	1.1674198858504101	3232	Top2	Top2
-363	1.164800735389305	3236	Top2	Top2
-362	1.168490490171405	3241	Top2	Top2
-361	1.17110393047716	3239	Top2	Top2
-360	1.17480848448159	3241	Top2	Top2
-359	1.176328407368195	3242	Top2	Top2
-358	1.180523501716865	3248	Top2	Top2
-357	1.18844413216933	3253	Top2	Top2
-356	1.1915632013471948	3258	Top2	Top2
-355	1.1871776253728048	3261	Top2	Top2
-354	1.1866266069311049	3262	Top2	Top2
-353	1.188296336544695	3263	Top2	Top2
-352	1.190312991902925	3268	Top2	Top2
-351	1.1900333201538649	3270	Top2	Top2
-350	1.192164752612975	3274	Top2	Top2
-349	1.192164752612975	3277	Top2	Top2
-348	1.19239739235356	3278	Top2	Top2
-347	1.192785523166045	3278	Top2	Top2
-346	1.1946353439501998	3281	Top2	Top2
-345	1.19710875738108	3281	Top2	Top2
-344	1.201904952706955	3284	Top2	Top2
-343	1.2046135822202602	3285	Top2	Top2
-342	1.20198186148582	3283	Top2	Top2
-341	1.2074294230286449	3285	Top2	Top2
-340	1.20984579319067	3286	Top2	Top2
-339	1.20984579319067	3285	Top2	Top2
-338	1.20953379058213	3286	Top2	Top2
-337	1.21244574258202	3286	Top2	Top2
-336	1.21244574258202	3286	Top2	Top2
-335	1.216026857794665	3291	Top2	Top2
-334	1.221686172977365	3296	Top2	Top2
-333	1.2309045175625501	3299	Top2	Top2
-332	1.231769313119485	3301	Top2	Top2
-331	1.2287171071232001	3306	Top2	Top2
-330	1.227697584734745	3310	Top2	Top2
-329	1.22792963809127	3313	Top2	Top2
-328	1.22792963809127	3315	Top2	Top2
-327	1.2303150639050648	3318	Top2	Top2
-326	1.2380272226302749	3322	Top2	Top2
-325	1.242867703096055	3325	Top2	Top2
-324	1.242867703096055	3326	Top2	Top2
-323	1.239939498089115	3324	Top2	Top2
-322	1.24385269684184	3333	Top2	Top2
-321	1.24385269684184	3334	Top2	Top2
-320	1.24503521253954	3338	Top2	Top2
-319	1.24591282623002	3341	Top2	Top2
-318	1.2508584791101152	3345	Top2	Top2
-317	1.24867159979612	3347	Top2	Top2
-316	1.2528413873270448	3350	Top2	Top2
-315	1.2523071391869451	3350	Top2	Top2
-314	1.251671604631515	3348	Top2	Top2
-313	1.25277540762143	3347	Top2	Top2
-312	1.25230870781074	3351	Top2	Top2
-311	1.252245692703505	3353	Top2	Top2
-310	1.2534491317354948	3354	Top2	Top2
-309	1.2543848151233852	3355	Top2	Top2
-308	1.256246304616535	3352	Top2	Top2
-307	1.25437355021176	3353	Top2	Top2
-306	1.256097124286365	3354	Top2	Top2
-305	1.255474045735535	3359	Top2	Top2
-304	1.261380461865805	3365	Top2	Top2
-303	1.25874351427484	3367	Top2	Top2
-302	1.2653216530790252	3371	Top2	Top2
-301	1.2656642603154151	3367	Top2	Top2
-300	1.2653216530790252	3375	Top2	Top2
-299	1.2638443444918601	3376	Top2	Top2
-298	1.26302689757589	3377	Top2	Top2
-297	1.2627489751451249	3381	Top2	Top2
-296	1.262230334869155	3382	Top2	Top2
-295	1.2627489751451249	3386	Top2	Top2
-294	1.26037105054229	3383	Top2	Top2
-293	1.25994219492912	3384	Top2	Top2
-292	1.25960887511901	3384	Top2	Top2
-291	1.2575611831992948	3383	Top2	Top2
-290	1.25927622989163	3386	Top2	Top2
-289	1.26261040678644	3388	Top2	Top2
-288	1.26261040678644	3384	Top2	Top2
-287	1.265147209686105	3384	Top2	Top2
-286	1.26396420849265	3383	Top2	Top2
-285	1.262836625913925	3387	Top2	Top2
-284	1.26050562771333	3388	Top2	Top2
-283	1.263525313222875	3386	Top2	Top2
-282	1.27025779010952	3389	Top2	Top2
-281	1.270025794885755	3392	Top2	Top2
-280	1.270025794885755	3396	Top2	Top2
-279	1.268704723502455	3399	Top2	Top2
-278	1.2729727864390301	3401	Top2	Top2
-277	1.272260557674115	3399	Top2	Top2
-276	1.2711473871786751	3397	Top2	Top2
-275	1.26904402537411	3399	Top2	Top2
-274	1.26915970908555	3396	Top2	Top2
-273	1.268129441670085	3401	Top2	Top2
-272	1.26988124590804	3400	Top2	Top2
-271	1.26860231086852	3400	Top2	Top2
-270	1.26550610881679	3401	Top2	Top2
-269	1.26910260986195	3400	Top2	Top2
-268	1.26384746750358	3402	Top2	Top2
-267	1.268547123585165	3399	Top2	Top2
-266	1.272680997072225	3402	Top2	Top2
-265	1.273112007310965	3403	Top2	Top2
-264	1.27380134511841	3403	Top2	Top2
-263	1.272680997072225	3405	Top2	Top2
-262	1.27366871675817	3407	Top2	Top2
-261	1.2710525380411948	3405	Top2	Top2
-260	1.27211370761044	3407	Top2	Top2
-259	1.27390769164839	3406	Top2	Top2
-258	1.2747907777646599	3402	Top2	Top2
-257	1.2755878388570852	3402	Top2	Top2
-256	1.2737645920619851	3402	Top2	Top2
-255	1.2737645920619851	3404	Top2	Top2
-254	1.27304758935894	3401	Top2	Top2
-253	1.27304758935894	3401	Top2	Top2
-252	1.2750768274455497	3401	Top2	Top2
-251	1.273893892228605	3403	Top2	Top2
-250	1.2740753043857902	3405	Top2	Top2
-249	1.2779732800903303	3409	Top2	Top2
-248	1.278107475971455	3412	Top2	Top2
-247	1.2793225618309199	3412	Top2	Top2
-246	1.282136912868745	3413	Top2	Top2
-245	1.2864643188609801	3416	Top2	Top2
-244	1.2864643188609801	3411	Top2	Top2
-243	1.2844410107533548	3410	Top2	Top2
-242	1.286535256856225	3414	Top2	Top2
-241	1.2844410107533548	3413	Top2	Top2
-240	1.28734693809186	3417	Top2	Top2
-239	1.287977123784755	3419	Top2	Top2
-238	1.2853519549888	3418	Top2	Top2
-237	1.283078935939265	3414	Top2	Top2
-236	1.281458748287055	3416	Top2	Top2
-235	1.2858022602367	3416	Top2	Top2
-234	1.2858022602367	3417	Top2	Top2
-233	1.2802594840719448	3418	Top2	Top2
-232	1.28328118505413	3418	Top2	Top2
-231	1.28167628223443	3422	Top2	Top2
-230	1.28167628223443	3422	Top2	Top2
-229	1.2802400561621	3421	Top2	Top2
-228	1.28128091218404	3420	Top2	Top2
-227	1.281596677119805	3421	Top2	Top2
-226	1.281596677119805	3419	Top2	Top2
-225	1.2821202333229302	3418	Top2	Top2
-224	1.28112681597377	3416	Top2	Top2
-223	1.28112681597377	3414	Top2	Top2
-222	1.279623765433195	3411	Top2	Top2
-221	1.2785589737451448	3411	Top2	Top2
-220	1.275880907259905	3407	Top2	Top2
-219	1.2754194644250902	3404	Top2	Top2
-218	1.275553760040085	3402	Top2	Top2
-217	1.274983879932535	3401	Top2	Top2
-216	1.274654398963045	3398	Top2	Top2
-215	1.27429145305958	3401	Top2	Top2
-214	1.274593353023265	3404	Top2	Top2
-213	1.2745528927822751	3402	Top2	Top2
-212	1.27465911119712	3400	Top2	Top2
-211	1.274151661566815	3396	Top2	Top2
-210	1.2744193252132	3398	Top2	Top2
-209	1.2701298554340998	3396	Top2	Top2
-208	1.2696056757726848	3398	Top2	Top2
-207	1.27039808533875	3398	Top2	Top2
-206	1.27314023188941	3397	Top2	Top2
-205	1.272355840946865	3396	Top2	Top2
-204	1.2719547133255351	3395	Top2	Top2
-203	1.26730887300514	3395	Top2	Top2
-202	1.266382583852935	3395	Top2	Top2
-201	1.2664150287703202	3394	Top2	Top2
-200	1.2652873884208402	3393	Top2	Top2
-199	1.26846227589497	3395	Top2	Top2
-198	1.2732028841161251	3399	Top2	Top2
-197	1.265972240566255	3400	Top2	Top2
-196	1.2690467383859452	3397	Top2	Top2
-195	1.265972240566255	3396	Top2	Top2
-194	1.26592029906888	3396	Top2	Top2
-193	1.2656015035137052	3392	Top2	Top2
-192	1.264206518108725	3393	Top2	Top2
-191	1.261312405429055	3390	Top2	Top2
-190	1.261312405429055	3390	Top2	Top2
-189	1.26337427226516	3387	Top2	Top2
-188	1.264676904438125	3386	Top2	Top2
-187	1.264676904438125	3384	Top2	Top2
-186	1.2683450607555251	3383	Top2	Top2
-185	1.2648921809176352	3380	Top2	Top2
-184	1.2648873018178501	3379	Top2	Top2
-183	1.2638906382542199	3379	Top2	Top2
-182	1.2633972998062748	3378	Top2	Top2
-181	1.263736381516075	3376	Top2	Top2
-180	1.25951548934662	3372	Top2	Top2
-179	1.2573262561286098	3373	Top2	Top2
-178	1.25429639602385	3370	Top2	Top2
-177	1.252624285693765	3367	Top2	Top2
-176	1.2548766367655801	3368	Top2	Top2
-175	1.2538081192939199	3366	Top2	Top2
-174	1.2508261948246702	3362	Top2	Top2
-173	1.24551895364034	3362	Top2	Top2
-172	1.247641761599195	3361	Top2	Top2
-171	1.2445629567478251	3358	Top2	Top2
-170	1.24435852199951	3359	Top2	Top2
-169	1.24623066641794	3359	Top2	Top2
-168	1.240845744730135	3353	Top2	Top2
-167	1.235774777737575	3353	Top2	Top2
-166	1.235832828514515	3353	Top2	Top2
-165	1.23432558671839	3353	Top2	Top2
-164	1.23336686163704	3348	Top2	Top2
-163	1.2326216544950448	3345	Top2	Top2
-162	1.23023742048326	3345	Top2	Top2
-161	1.2293010168837752	3348	Top2	Top2
-160	1.22742456748372	3348	Top2	Top2
-159	1.22861982233615	3349	Top2	Top2
-158	1.231261046645605	3347	Top2	Top2
-157	1.229056756152365	3347	Top2	Top2
-156	1.222553295652335	3345	Top2	Top2
-155	1.22051578721663	3340	Top2	Top2
-154	1.223538150056715	3339	Top2	Top2
-153	1.22272388034029	3336	Top2	Top2
-152	1.22450836930303	3334	Top2	Top2
-151	1.22223732045383	3335	Top2	Top2
-150	1.21698217411027	3332	Top2	Top2
-149	1.21109629504168	3331	Top2	Top2
-148	1.2089540783022499	3328	Top2	Top2
-147	1.206613290252425	3322	Top2	Top2
-146	1.204402084356445	3316	Top2	Top2
-145	1.197936203128045	3312	Top2	Top2
-144	1.196971799869675	3308	Top2	Top2
-143	1.19378542784023	3306	Top2	Top2
-142	1.19266352704827	3305	Top2	Top2
-141	1.188905639381645	3306	Top2	Top2
-140	1.1880967737493051	3308	Top2	Top2
-139	1.18532213763878	3304	Top2	Top2
-138	1.1861276273718349	3299	Top2	Top2
-137	1.1871947412994102	3298	Top2	Top2
-136	1.18217714883288	3295	Top2	Top2
-135	1.1833143724778	3297	Top2	Top2
-134	1.179889030360145	3293	Top2	Top2
-133	1.1804739342901902	3291	Top2	Top2
-132	1.180174601335385	3290	Top2	Top2
-131	1.180174601335385	3288	Top2	Top2
-130	1.17663845367889	3288	Top2	Top2
-129	1.1795117158640802	3285	Top2	Top2
-128	1.18052169576784	3284	Top2	Top2
-127	1.180928423531145	3284	Top2	Top2
-126	1.180066678395435	3281	Top2	Top2
-125	1.180928423531145	3280	Top2	Top2
-124	1.175552090289385	3276	Top2	Top2
-123	1.177278015886445	3274	Top2	Top2
-122	1.173814287218045	3267	Top2	Top2
-121	1.1733475633731199	3265	Top2	Top2
-120	1.1661289924310452	3260	Top2	Top2
-119	1.16159597054253	3260	Top2	Top2
-118	1.1629544559855352	3263	Top2	Top2
-117	1.1647565564988551	3261	Top2	Top2
-116	1.16169178364358	3261	Top2	Top2
-115	1.1589101042178598	3258	Top2	Top2
-114	1.1599518595488398	3257	Top2	Top2
-113	1.155820973011305	3255	Top2	Top2
-112	1.15860544384409	3251	Top2	Top2
-111	1.159462213753725	3247	Top2	Top2
-110	1.160553404203985	3244	Top2	Top2
-109	1.160209150879265	3241	Top2	Top2
-108	1.1607511428965998	3234	Top2	Top2
-107	1.1593213378541398	3235	Top2	Top2
-106	1.15683336083787	3233	Top2	Top2
-105	1.153994092357475	3233	Top2	Top2
-104	1.154521871934725	3233	Top2	Top2
-103	1.154521871934725	3234	Top2	Top2
-102	1.150235922689495	3231	Top2	Top2
-101	1.14849269277508	3230	Top2	Top2
-100	1.1433357586667952	3227	Top2	Top2
-99	1.1406439996675501	3228	Top2	Top2
-98	1.13902140137993	3224	Top2	Top2
-97	1.136910433460005	3220	Top2	Top2
-96	1.136910433460005	3212	Top2	Top2
-95	1.13521361414306	3210	Top2	Top2
-94	1.13494529452601	3205	Top2	Top2
-93	1.12974529352834	3202	Top2	Top2
-92	1.128246155656805	3200	Top2	Top2
-91	1.12703973724293	3197	Top2	Top2
-90	1.12703973724293	3191	Top2	Top2
-89	1.12807524463478	3186	Top2	Top2
-88	1.1311097801363101	3186	Top2	Top2
-87	1.13096618594104	3182	Top2	Top2
-86	1.13091848865581	3180	Top2	Top2
-85	1.12441805314711	3177	Top2	Top2
-84	1.11748108305446	3169	Top2	Top2
-83	1.11142164033732	3166	Top2	Top2
-82	1.110739415962775	3161	Top2	Top2
-81	1.10966590057	3155	Top2	Top2
-80	1.101860890543655	3151	Top2	Top2
-79	1.0950680689019499	3148	Top2	Top2
-78	1.0910647825347	3145	Top2	Top2
-77	1.088670771585	3144	Top2	Top2
-76	1.0853485582272149	3137	Top2	Top2
-75	1.08120204183201	3131	Top2	Top2
-74	1.080737710380685	3129	Top2	Top2
-73	1.08120204183201	3127	Top2	Top2
-72	1.080453634462975	3121	Top2	Top2
-71	1.07602728260396	3120	Top2	Top2
-70	1.076951412751475	3120	Top2	Top2
-69	1.077939718047845	3117	Top2	Top2
-68	1.075525554271805	3113	Top2	Top2
-67	1.064555687587045	3105	Top2	Top2
-66	1.064555687587045	3103	Top2	Top2
-65	1.063442219466915	3101	Top2	Top2
-64	1.0622653555856552	3099	Top2	Top2
-63	1.058573194500795	3094	Top2	Top2
-62	1.057756447251645	3089	Top2	Top2
-61	1.054063467565415	3087	Top2	Top2
-60	1.05413677137816	3085	Top2	Top2
-59	1.0537773161963702	3084	Top2	Top2
-58	1.054021214406055	3080	Top2	Top2
-57	1.051332741574425	3070	Top2	Top2
-56	1.04939792545652	3069	Top2	Top2
-55	1.0454324855614001	3067	Top2	Top2
-54	1.04587213608654	3060	Top2	Top2
-53	1.042154236175395	3057	Top2	Top2
-52	1.03651600994495	3055	Top2	Top2
-51	1.03528123663749	3052	Top2	Top2
-50	1.031539576189155	3049	Top2	Top2
-49	1.029886962517255	3043	Top2	Top2
-48	1.0287051367913151	3039	Top2	Top2
-47	1.02667715025415	3037	Top2	Top2
-46	1.022903390070955	3038	Top2	Top2
-45	1.0241694281665752	3035	Top2	Top2
-44	1.0184435739608348	3029	Top2	Top2
-43	1.013961919005145	3032	Top2	Top2
-42	1.0130659738835999	3032	Top2	Top2
-41	1.011495820240635	3027	Top2	Top2
-40	1.007674596563	3021	Top2	Top2
-39	1.0052905369085248	3020	Top2	Top2
-38	1.0014435483615851	3020	Top2	Top2
-37	1.000714790906265	3019	Top2	Top2
-36	1.000714790906265	3015	Top2	Top2
-35	1.0005689505695199	3011	Top2	Top2
-34	0.999979258112317	3011	Top2	Top2
-33	1.0010358909449	3008	Top2	Top2
-32	1.0024596655795048	3001	Top2	Top2
-31	1.00204938938629	2994	Top2	Top2
-30	0.9984009318378281	2989	Top2	Top2
-29	0.9984009318378281	2987	Top2	Top2
-28	0.9961595036273845	2980	Top2	Top2
-27	0.9928454365253854	2979	Top2	Top2
-26	0.9928094242126204	2976	Top2	Top2
-25	0.9881618148911784	2972	Top2	Top2
-24	0.9853553772223405	2969	Top2	Top2
-23	0.9847504602392625	2969	Top2	Top2
-22	0.9813401602606271	2968	Top2	Top2
-21	0.977352079796166	2965	Top2	Top2
-20	0.977352079796166	2963	Top2	Top2
-19	0.975545065651918	2957	Top2	Top2
-18	0.9757511337169651	2958	Top2	Top2
-17	0.976734196769883	2954	Top2	Top2
-16	0.9747801604552645	2949	Top2	Top2
-15	0.972107692164617	2947	Top2	Top2
-14	0.9724289194111015	2945	Top2	Top2
-13	0.9687836789309889	2940	Top2	Top2
-12	0.9689202176069018	2936	Top2	Top2
-11	0.9672372307535085	2935	Top2	Top2
-10	0.966606097332469	2931	Top2	Top2
-9	0.9631392018250169	2924	Top2	Top2
-8	0.9621569762511805	2924	Top2	Top2
-7	0.962456909106044	2922	Top2	Top2
-6	0.9634249100986816	2920	Top2	Top2
-5	0.9594162172088954	2915	Top2	Top2
-4	0.95540095815323	2910	Top2	Top2
-3	0.9543827774978755	2910	Top2	Top2
-2	0.9522740213068546	2906	Top2	Top2
-1	0.9507789540038445	2898	Top2	Top2
0	0.9517822953999335	2898	Top2	Top2
1	0.944084970036493	2892	Top2	Top2
2	0.944130329842073	2891	Top2	Top2
3	0.9432304532400916	2884	Top2	Top2
4	0.9386637331115835	2879	Top2	Top2
5	0.9349904727476465	2874	Top2	Top2
6	0.9335848809077105	2871	Top2	Top2
7	0.930662544544667	2866	Top2	Top2
8	0.928934479588315	2861	Top2	Top2
9	0.927116643384279	2856	Top2	Top2
10	0.9240910029105245	2849	Top2	Top2
11	0.9125256193530009	2845	Top2	Top2
12	0.9081358436015975	2840	Top2	Top2
13	0.9010443941749149	2836	Top2	Top2
14	0.9025669225313421	2825	Top2	Top2
15	0.898392225077798	2825	Top2	Top2
16	0.8922933730699341	2816	Top2	Top2
17	0.8903164586393966	2806	Top2	Top2
18	0.88110489994779	2803	Top2	Top2
19	0.8787957587347934	2797	Top2	Top2
20	0.8726945234905046	2791	Top2	Top2
21	0.8687128967207352	2787	Top2	Top2
22	0.86448754323758	2782	Top2	Top2
23	0.8588709159140525	2774	Top2	Top2
24	0.8561603964047475	2771	Top2	Top2
25	0.853319311423836	2765	Top2	Top2
26	0.8508928058762715	2758	Top2	Top2
27	0.8467983502491465	2750	Top2	Top2
28	0.8390987915505965	2739	Top2	Top2
29	0.837189462623235	2735	Top2	Top2
30	0.8349818774719739	2724	Top2	Top2
31	0.8330657942087984	2717	Top2	Top2
32	0.8275524730899515	2711	Top2	Top2
33	0.8233552834006423	2707	Top2	Top2
34	0.8171681038069145	2705	Top2	Top2
35	0.8162870128427766	2700	Top2	Top2
36	0.8165664201401145	2696	Top2	Top2
37	0.815824974138815	2690	Top2	Top2
38	0.8128628875319185	2686	Top2	Top2
39	0.8020435172146425	2674	Top2	Top2
40	0.7945567326490244	2666	Top2	Top2
41	0.7831366607946915	2663	Top2	Top2
42	0.7784838800661535	2656	Top2	Top2
43	0.7639417992753339	2653	Top2	Top2
44	0.7624569444454401	2653	Top2	Top2
45	0.758374400932851	2643	Top2	Top2
46	0.748055784485558	2637	Top2	Top2
47	0.746965731685524	2635	Top2	Top2
48	0.745884888641205	2628	Top2	Top2
49	0.7468991697452521	2621	Top2	Top2
50	0.7383581198031315	2616	Top2	Top2
51	0.7378190505611165	2607	Top2	Top2
52	0.734578493360564	2599	Top2	Top2
53	0.7302417612400924	2597	Top2	Top2
54	0.7269191901127544	2594	Top2	Top2
55	0.7200160395273549	2586	Top2	Top2
56	0.7137454969827286	2580	Top2	Top2
57	0.7121827708001616	2570	Top2	Top2
58	0.7057150094162545	2563	Top2	Top2
59	0.695152751374257	2561	Top2	Top2
60	0.6940100466488694	2547	Top2	Top2
61	0.6934652394049046	2543	Top2	Top2
62	0.68984911816802	2541	Top2	Top2
63	0.68970832824309	2532	Top2	Top2
64	0.687493478100033	2520	Top2	Top2
65	0.6780868495750836	2510	Top2	Top2
66	0.673339013965999	2500	Top2	Top2
67	0.6735627899277705	2498	Top2	Top2
68	0.670297882093119	2491	Top2	Top2
69	0.66302099167458	2489	Top2	Top2
70	0.65708151769264	2482	Top2	Top2
71	0.6502271370609489	2478	Top2	Top2
72	0.644602733323619	2473	Top2	Top2
73	0.643106538044234	2460	Top2	Top2
74	0.6358201550922565	2453	Top2	Top2
75	0.6347842064895161	2446	Top2	Top2
76	0.6339677036281646	2439	Top2	Top2
77	0.627118110636909	2436	Top2	Top2
78	0.6240458147894085	2433	Top2	Top2
79	0.617126077157977	2429	Top2	Top2
80	0.607970207469527	2421	Top2	Top2
81	0.6025650097404375	2416	Top2	Top2
82	0.5996150640067335	2409	Top2	Top2
83	0.6014369443144161	2403	Top2	Top2
84	0.5959776714990599	2393	Top2	Top2
85	0.5892503694076745	2388	Top2	Top2
86	0.5833601503210775	2378	Top2	Top2
87	0.578119584142508	2369	Top2	Top2
88	0.5704880076213955	2367	Top2	Top2
89	0.5635927795279985	2364	Top2	Top2
90	0.5593797318170715	2359	Top2	Top2
91	0.549043920415035	2356	Top2	Top2
92	0.5478407799305489	2350	Top2	Top2
93	0.5481225142836379	2347	Top2	Top2
94	0.5477044526038605	2343	Top2	Top2
95	0.542966027533632	2337	Top2	Top2
96	0.5366440295183315	2334	Top2	Top2
97	0.5302477949030224	2325	Top2	Top2
98	0.5240782112254291	2318	Top2	Top2
99	0.522730905636734	2314	Top2	Top2
100	0.519289674988578	2307	Top2	Top2
101	0.5137775463071406	2296	Top2	Top2
102	0.5103680272268	2291	Top2	Top2
103	0.5056840653598255	2289	Top2	Top2
104	0.5010274172166249	2280	Top2	Top2
105	0.49256553227614197	2277	Top2	Top2
106	0.4882021519825505	2271	Top2	Top2
107	0.48675005777277003	2268	Top2	Top2
108	0.4855962018478135	2264	Top2	Top2
109	0.48395981268242194	2258	Top2	Top2
110	0.4815595062285065	2254	Top2	Top2
111	0.4744350597878051	2251	Top2	Top2
112	0.4752701650289005	2250	Top2	Top2
113	0.4690772873254795	2242	Top2	Top2
114	0.4608668054481585	2238	Top2	Top2
115	0.4567120296959345	2234	Top2	Top2
116	0.452072232261528	2229	Top2	Top2
117	0.446708262067285	2227	Top2	Top2
118	0.439898435171962	2225	Top2	Top2
119	0.43856831097172344	2223	Top2	Top2
120	0.43357037899456197	2218	Top2	Top2
121	0.4301301181290645	2213	Top2	Top2
122	0.4250410870685495	2206	Top2	Top2
123	0.41963212259392907	2202	Top2	Top2
124	0.41710431801399306	2198	Top2	Top2
125	0.4126102115373945	2194	Top2	Top2
126	0.41053679170870344	2190	Top2	Top2
127	0.4065234297416625	2189	Top2	Top2
128	0.400084985792471	2184	Top2	Top2
129	0.39669227621016645	2181	Top2	Top2
130	0.39340348128764446	2180	Top2	Top2
131	0.38860306729057603	2175	Top2	Top2
132	0.390746833409034	2164	Top2	Top2
133	0.38332327927139453	2161	Top2	Top2
134	0.3766796998757495	2157	Top2	Top2
135	0.3756778196290295	2155	Top2	Top2
136	0.376631561145995	2151	Top2	Top2
137	0.3712192215882995	2151	Top2	Top2
138	0.3671452743465995	2147	Top2	Top2
139	0.364533155226475	2146	Top2	Top2
140	0.35931659641405655	2140	Top2	Top2
141	0.35123838047513145	2138	Top2	Top2
142	0.3495025999222185	2136	Top2	Top2
143	0.3422884340568175	2126	Top2	Top2
144	0.3465302065764325	2124	Top2	Top2
145	0.339758379216129	2120	Top2	Top2
146	0.33521970326896555	2115	Top2	Top2
147	0.3334278924900455	2109	Top2	Top2
148	0.32973966217707795	2103	Top2	Top2
149	0.322712353065134	2101	Top2	Top2
150	0.31357710576868	2098	Top2	Top2
151	0.31300725147812103	2095	Top2	Top2
152	0.30812567846245953	2092	Top2	Top2
153	0.30415765275765	2089	Top2	Top2
154	0.3047355530974275	2085	Top2	Top2
155	0.3003838651211025	2082	Top2	Top2
156	0.29734621850568654	2079	Top2	Top2
157	0.295098940710769	2077	Top2	Top2
158	0.294381596583806	2071	Top2	Top2
159	0.2915589127346915	2070	Top2	Top2
160	0.2880477322489955	2065	Top2	Top2
161	0.2827070703472925	2061	Top2	Top2
162	0.28133413287757697	2056	Top2	Top2
163	0.27727567109822504	2055	Top2	Top2
164	0.2755466417257965	2048	Top2	Top2
165	0.2702791357851265	2038	Top2	Top2
166	0.26383571825159646	2031	Top2	Top2
167	0.25825402731554703	2024	Top2	Top2
168	0.25462739020247205	2018	Top2	Top2
169	0.251516163969148	2013	Top2	Top2
170	0.24729881851127	2011	Top2	Top2
171	0.24255844438970803	2005	Top2	Top2
172	0.24135872154285698	2000	Top2	Top2
173	0.2399841572621045	1991	Top2	Top2
174	0.2318827453721895	1989	Top2	Top2
175	0.225010810221237	1982	Top2	Top2
176	0.22219614340187302	1976	Top2	Top2
177	0.22273501535919948	1974	Top2	Top2
178	0.215944632561414	1972	Top2	Top2
179	0.21236898914106797	1969	Top2	Top2
180	0.21261739782254147	1964	Top2	Top2
181	0.2060535473339325	1961	Top2	Top2
182	0.2074616578225795	1960	Top2	Top2
183	0.202045433595529	1958	Top2	Top2
184	0.19346146238094303	1954	Top2	Top2
185	0.190806228479729	1948	Top2	Top2
186	0.189799162976309	1946	Top2	Top2
187	0.1889522952128325	1941	Top2	Top2
188	0.18121028395718652	1938	Top2	Top2
189	0.181658868888671	1933	Top2	Top2
190	0.1774618510266795	1927	Top2	Top2
191	0.16760610147914348	1923	Top2	Top2
192	0.165868985611788	1923	Top2	Top2
193	0.1636433926646555	1921	Top2	Top2
194	0.1610681717430305	1917	Top2	Top2
195	0.1612297955290845	1910	Top2	Top2
196	0.15902823290571852	1905	Top2	Top2
197	0.15930587787080253	1903	Top2	Top2
198	0.1536101287475685	1901	Top2	Top2
199	0.1493804925503835	1896	Top2	Top2
200	0.14697394259763852	1895	Top2	Top2
201	0.1449418359511475	1893	Top2	Top2
202	0.1411842720790565	1890	Top2	Top2
203	0.1333205090652615	1891	Top2	Top2
204	0.125854840927257	1890	Top2	Top2
205	0.1254588758573395	1889	Top2	Top2
206	0.123910926741498	1883	Top2	Top2
207	0.119541413769967	1878	Top2	Top2
208	0.116904992416038	1872	Top2	Top2
209	0.1138386788272195	1864	Top2	Top2
210	0.10647726450199799	1862	Top2	Top2
211	0.10411187359645599	1858	Top2	Top2
212	0.10043741237006035	1856	Top2	Top2
213	0.09491811002577466	1852	Top2	Top2
214	0.09376673041929455	1850	Top2	Top2
215	0.0892883694044534	1845	Top2	Top2
216	0.0863613044972996	1842	Top2	Top2
217	0.07918275946104135	1840	Top2	Top2
218	0.07790270182313375	1833	Top2	Top2
219	0.07522463093789325	1831	Top2	Top2
220	0.06866625796036566	1827	Top2	Top2
221	0.0644347060660959	1824	Top2	Top2
222	0.0576966622089621	1821	Top2	Top2
223	0.056375977473801006	1816	Top2	Top2
224	0.0568428461775302	1806	Top2	Top2
225	0.0550500128118314	1807	Top2	Top2
226	0.0501941570478344	1807	Top2	Top2
227	0.04734185115480455	1806	Top2	Top2
228	0.0431663374225804	1805	Top2	Top2
229	0.0454483645036871	1803	Top2	Top2
230	0.03973325940669725	1801	Top2	Top2
231	0.03973325940669725	1801	Top2	Top2
232	0.0414962804357563	1798	Top2	Top2
233	0.03951304730840015	1796	Top2	Top2
234	0.037588589017280905	1794	Top2	Top2
235	0.03935663834823075	1789	Top2	Top2
236	0.0396109805856918	1786	Top2	Top2
237	0.0334569330291177	1781	Top2	Top2
238	0.032807410534942696	1782	Top2	Top2
239	0.036694765890132444	1779	Top2	Top2
240	0.033896363846924	1777	Top2	Top2
241	0.03326808283751845	1775	Top2	Top2
242	0.0298468699314104	1773	Top2	Top2
243	0.022375944265130898	1773	Top2	Top2
244	0.018847735941902248	1769	Top2	Top2
245	0.01325083356800015	1768	Top2	Top2
246	0.009031726319956456	1768	Top2	Top2
247	0.010285250858671501	1762	Top2	Top2
248	0.009490418146241181	1762	Top2	Top2
249	0.006413304451636695	1761	Top2	Top2
250	0.0076944852954452456	1758	Top2	Top2
251	0.007142879312843315	1756	Top2	Top2
252	0.000525639203348155	1755	Top2	Top2
253	-0.0008577889378367595	1748	Top2	Top2
254	-0.0067304594357276756	1741	Top2	Top2
255	-0.007668953991826525	1738	Top2	Top2
256	-0.01373917808964575	1736	Top2	Top2
257	-0.01373917808964575	1734	Top2	Top2
258	-0.0190866506322186	1733	Top2	Top2
259	-0.01803190290018645	1733	Top2	Top2
260	-0.02011505271860115	1733	Top2	Top2
261	-0.02221417061312885	1730	Top2	Top2
262	-0.027883615722740097	1731	Top2	Top2
263	-0.0255727709941485	1730	Top2	Top2
264	-0.028844598704072	1724	Top2	Top2
265	-0.032574841305518895	1721	Top2	Top2
266	-0.03675606306664725	1721	Top2	Top2
267	-0.03652061484393955	1718	Top2	Top2
268	-0.03800975374176855	1713	Top2	Top2
269	-0.0413813872750273	1712	Top2	Top2
270	-0.046877944509428254	1713	Top2	Top2
271	-0.0489549157786167	1711	Top2	Top2
272	-0.0533023487788961	1711	Top2	Top2
273	-0.057109267910683645	1710	Top2	Top2
274	-0.060992844341861	1708	Top2	Top2
275	-0.06143137773020725	1707	Top2	Top2
276	-0.06308926045339966	1706	Top2	Top2
277	-0.06508308084534631	1705	Top2	Top2
278	-0.06564171504109265	1704	Top2	Top2
279	-0.07246659422625215	1701	Top2	Top2
280	-0.07281439660134417	1700	Top2	Top2
281	-0.0814668035836577	1697	Top2	Top2
282	-0.0785006457595078	1696	Top2	Top2
283	-0.08377822796034828	1695	Top2	Top2
284	-0.08456360353872375	1693	Top2	Top2
285	-0.08903803957759435	1691	Top2	Top2
286	-0.089421973805053	1689	Top2	Top2
287	-0.08903803957759435	1685	Top2	Top2
288	-0.09222216919007895	1686	Top2	Top2
289	-0.09511979137033774	1686	Top2	Top2
290	-0.102861675078329	1683	Top2	Top2
291	-0.09881967807239239	1683	Top2	Top2
292	-0.09778688336155136	1683	Top2	Top2
293	-0.09878536724517904	1679	Top2	Top2
294	-0.10324798407949401	1678	Top2	Top2
295	-0.1104192008452445	1675	Top2	Top2
296	-0.116006715398398	1672	Top2	Top2
297	-0.116377681424333	1669	Top2	Top2
298	-0.11377253735246451	1663	Top2	Top2
299	-0.11789346620840752	1662	Top2	Top2
300	-0.1181776488431125	1661	Top2	Top2
301	-0.11958748315615099	1659	Top2	Top2
302	-0.120389465830713	1656	Top2	Top2
303	-0.12277783639697801	1655	Top2	Top2
304	-0.121824102375034	1649	Top2	Top2
305	-0.12154487896331649	1649	Top2	Top2
306	-0.121300531102069	1650	Top2	Top2
307	-0.12281275292872801	1649	Top2	Top2
308	-0.125775887535194	1646	Top2	Top2
309	-0.123348642595009	1646	Top2	Top2
310	-0.125506544880819	1645	Top2	Top2
311	-0.12944997822799548	1640	Top2	Top2
312	-0.13052283191881148	1638	Top2	Top2
313	-0.132338813641736	1637	Top2	Top2
314	-0.1356027308141835	1635	Top2	Top2
315	-0.1434633265354255	1636	Top2	Top2
316	-0.1464544355032655	1632	Top2	Top2
317	-0.1422722947441865	1630	Top2	Top2
318	-0.1422722947441865	1628	Top2	Top2
319	-0.1422722947441865	1626	Top2	Top2
320	-0.14228987020312	1628	Top2	Top2
321	-0.1425668056759285	1628	Top2	Top2
322	-0.1416416509926115	1626	Top2	Top2
323	-0.1451207074468165	1625	Top2	Top2
324	-0.146090114773258	1625	Top2	Top2
325	-0.14809749621900048	1623	Top2	Top2
326	-0.14820569113904297	1622	Top2	Top2
327	-0.14831881806722197	1617	Top2	Top2
328	-0.1499820614653225	1617	Top2	Top2
329	-0.15367741055662149	1614	Top2	Top2
330	-0.15771799446130397	1614	Top2	Top2
331	-0.1608888349446555	1613	Top2	Top2
332	-0.161570137419623	1612	Top2	Top2
333	-0.1641603314445495	1612	Top2	Top2
334	-0.1657383578523215	1610	Top2	Top2
335	-0.16898885652093848	1609	Top2	Top2
336	-0.16915554608769	1611	Top2	Top2
337	-0.16973106007858452	1611	Top2	Top2
338	-0.17701474482831953	1608	Top2	Top2
339	-0.1774869812143115	1609	Top2	Top2
340	-0.17718680746692553	1606	Top2	Top2
341	-0.17765904385291753	1603	Top2	Top2
342	-0.17600229828097103	1599	Top2	Top2
343	-0.17600229828097103	1597	Top2	Top2
344	-0.17920196246517803	1596	Top2	Top2
345	-0.18584911814459604	1593	Top2	Top2
346	-0.188017274583065	1594	Top2	Top2
347	-0.1895564247974185	1593	Top2	Top2
348	-0.18808908427236548	1593	Top2	Top2
349	-0.18936783379351046	1594	Top2	Top2
350	-0.194283355245939	1593	Top2	Top2
351	-0.19848788109065346	1591	Top2	Top2
352	-0.19932398056837602	1589	Top2	Top2
353	-0.19904571270830201	1590	Top2	Top2
354	-0.203990906195967	1588	Top2	Top2
355	-0.202216151409146	1586	Top2	Top2
356	-0.1999974328465155	1581	Top2	Top2
357	-0.2011757834867855	1578	Top2	Top2
358	-0.20257398388182202	1576	Top2	Top2
359	-0.20615716497534448	1570	Top2	Top2
360	-0.2013412656984195	1567	Top2	Top2
361	-0.198806680021276	1566	Top2	Top2
362	-0.2003033349979765	1561	Top2	Top2
363	-0.2089344505894805	1559	Top2	Top2
364	-0.2096943312186625	1559	Top2	Top2
365	-0.21283864055003548	1556	Top2	Top2
366	-0.215328753732781	1556	Top2	Top2
367	-0.218082107786842	1557	Top2	Top2
368	-0.21760005581066952	1553	Top2	Top2
369	-0.22078870669210698	1553	Top2	Top2
370	-0.22239845623701754	1552	Top2	Top2
371	-0.2289008308418215	1549	Top2	Top2
372	-0.23056387434582198	1550	Top2	Top2
373	-0.23360806197616196	1550	Top2	Top2
374	-0.23633468430652552	1549	Top2	Top2
375	-0.23541649796472353	1547	Top2	Top2
376	-0.23541649796472353	1548	Top2	Top2
377	-0.2310031535947445	1548	Top2	Top2
378	-0.23591001207825651	1545	Top2	Top2
379	-0.233849547106634	1544	Top2	Top2
380	-0.2396121231830135	1542	Top2	Top2
381	-0.2415825885260745	1541	Top2	Top2
382	-0.24262936034737848	1539	Top2	Top2
383	-0.239389777635032	1541	Top2	Top2
384	-0.245749065960238	1540	Top2	Top2
385	-0.246773775917073	1541	Top2	Top2
386	-0.2500798484565145	1541	Top2	Top2
387	-0.2500798484565145	1540	Top2	Top2
388	-0.24909384415362051	1537	Top2	Top2
389	-0.2497584556203275	1536	Top2	Top2
390	-0.246700236843942	1537	Top2	Top2
391	-0.24991445315147948	1538	Top2	Top2
392	-0.255277854432005	1536	Top2	Top2
393	-0.2550469773223415	1536	Top2	Top2
394	-0.25537363750345	1537	Top2	Top2
395	-0.259141409373315	1538	Top2	Top2
396	-0.259141409373315	1538	Top2	Top2
397	-0.25779693114067	1535	Top2	Top2
398	-0.258405508334068	1535	Top2	Top2
399	-0.25721727705642394	1536	Top2	Top2
400	-0.256688808480096	1535	Top2	Top2
401	-0.26719721039132704	1535	Top2	Top2
402	-0.2690688411263385	1537	Top2	Top2
403	-0.271935720323322	1537	Top2	Top2
404	-0.2697043900090475	1536	Top2	Top2
405	-0.26617203054430905	1535	Top2	Top2
406	-0.26617203054430905	1534	Top2	Top2
407	-0.2651479614615575	1535	Top2	Top2
408	-0.26617203054430905	1535	Top2	Top2
409	-0.2671936657449415	1533	Top2	Top2
410	-0.26924947421261847	1532	Top2	Top2
411	-0.2711496324403895	1532	Top2	Top2
412	-0.26919636393468305	1532	Top2	Top2
413	-0.27395315676022297	1532	Top2	Top2
414	-0.277592560179454	1533	Top2	Top2
415	-0.2883475061847205	1532	Top2	Top2
416	-0.2902395987154795	1531	Top2	Top2
417	-0.28980400102014975	1530	Top2	Top2
418	-0.2965599477219485	1530	Top2	Top2
419	-0.2980143874043105	1530	Top2	Top2
420	-0.303065478130374	1530	Top2	Top2
421	-0.303065478130374	1529	Top2	Top2
422	-0.30276829960403107	1529	Top2	Top2
423	-0.30232487124403207	1528	Top2	Top2
424	-0.30276829960403107	1527	Top2	Top2
425	-0.3032825210178165	1527	Top2	Top2
426	-0.301126443441844	1526	Top2	Top2
427	-0.300159610563276	1524	Top2	Top2
428	-0.3007664647170195	1524	Top2	Top2
429	-0.30178052048938	1524	Top2	Top2
430	-0.301372804086283	1523	Top2	Top2
431	-0.3000937712317565	1521	Top2	Top2
432	-0.30208458924424003	1520	Top2	Top2
433	-0.302070139863765	1520	Top2	Top2
434	-0.302070139863765	1521	Top2	Top2
435	-0.30246893032124	1520	Top2	Top2
436	-0.30264374386701953	1519	Top2	Top2
437	-0.30366935004259743	1518	Top2	Top2
438	-0.304321284394609	1517	Top2	Top2
439	-0.305480822747046	1519	Top2	Top2
440	-0.30634708653827947	1517	Top2	Top2
441	-0.306982761161469	1518	Top2	Top2
442	-0.3061432364101915	1517	Top2	Top2
443	-0.305958263941852	1515	Top2	Top2
444	-0.305873275894206	1516	Top2	Top2
445	-0.30595941472076	1514	Top2	Top2
446	-0.308123846069725	1516	Top2	Top2
447	-0.307538796737183	1517	Top2	Top2
448	-0.2983001365550455	1517	Top2	Top2
449	-0.29758762999135246	1515	Top2	Top2
450	-0.302342931485943	1515	Top2	Top2
451	-0.3063757256581355	1514	Top2	Top2
452	-0.3080409881525645	1512	Top2	Top2
453	-0.30818963284108947	1508	Top2	Top2
454	-0.30879540226547497	1507	Top2	Top2
455	-0.31123018144701003	1507	Top2	Top2
456	-0.308797541837015	1505	Top2	Top2
457	-0.306933256200136	1504	Top2	Top2
458	-0.30501170126768296	1505	Top2	Top2
459	-0.306933256200136	1506	Top2	Top2
460	-0.3070816482489199	1506	Top2	Top2
461	-0.3100057610847135	1505	Top2	Top2
462	-0.309333241637577	1505	Top2	Top2
463	-0.3106182765465355	1505	Top2	Top2
464	-0.310845055358701	1505	Top2	Top2
465	-0.3080616441409435	1505	Top2	Top2
466	-0.31036251142606397	1503	Top2	Top2
467	-0.314597027228074	1503	Top2	Top2
468	-0.3138985249411805	1503	Top2	Top2
469	-0.312681100985882	1502	Top2	Top2
470	-0.31166190597621196	1502	Top2	Top2
471	-0.3089684830350925	1502	Top2	Top2
472	-0.31037626453165645	1501	Top2	Top2
473	-0.312064697159675	1498	Top2	Top2
474	-0.3094745475984225	1499	Top2	Top2
475	-0.30817955487564597	1498	Top2	Top2
476	-0.30115215883318747	1498	Top2	Top2
477	-0.3020678375745535	1498	Top2	Top2
478	-0.304703997658444	1497	Top2	Top2
479	-0.30440935366866506	1497	Top2	Top2
480	-0.3035311233352045	1497	Top2	Top2
481	-0.304937730941523	1497	Top2	Top2
482	-0.3074297148659211	1496	Top2	Top2
483	-0.3065131549132185	1493	Top2	Top2
484	-0.3045529383474985	1495	Top2	Top2
485	-0.30638231661119303	1493	Top2	Top2
486	-0.309112942432716	1493	Top2	Top2
487	-0.3091404679162585	1495	Top2	Top2
488	-0.3091404679162585	1495	Top2	Top2
489	-0.308191540106069	1495	Top2	Top2
490	-0.30402100693244405	1496	Top2	Top2
491	-0.3067341120352095	1496	Top2	Top2
492	-0.30703979952938754	1495	Top2	Top2
493	-0.3082130678670425	1496	Top2	Top2
494	-0.310372395928058	1496	Top2	Top2
495	-0.3140463105262775	1495	Top2	Top2
496	-0.31215260819099344	1495	Top2	Top2
497	-0.3140463105262775	1496	Top2	Top2
498	-0.30783922947309356	1495	Top2	Top2
499	-0.30886765507562053	1496	Top2	Top2
500	-0.3093078291921805	1494	Top2	Top2
501	-0.3094509729489985	1492	Top2	Top2
502	-0.309476299194633	1490	Top2	Top2
503	-0.30972606159525395	1491	Top2	Top2
504	-0.3088095854751495	1490	Top2	Top2
505	-0.30769463366420297	1490	Top2	Top2
506	-0.3071119390428045	1490	Top2	Top2
507	-0.30820620544953203	1490	Top2	Top2
508	-0.3135531871764935	1487	Top2	Top2
509	-0.315308177801548	1487	Top2	Top2
510	-0.3174078987132505	1488	Top2	Top2
511	-0.3117275908371675	1489	Top2	Top2
512	-0.3090320940432625	1491	Top2	Top2
513	-0.3090091586323155	1491	Top2	Top2
514	-0.31478222089719154	1491	Top2	Top2
515	-0.309531686676021	1488	Top2	Top2
516	-0.31304720917291895	1488	Top2	Top2
517	-0.30899617556020653	1489	Top2	Top2
518	-0.3138721261869955	1490	Top2	Top2
519	-0.31110948773265	1489	Top2	Top2
520	-0.3070176817635395	1487	Top2	Top2
521	-0.30877431533625654	1487	Top2	Top2
522	-0.312775403689991	1485	Top2	Top2
523	-0.30939336041429805	1487	Top2	Top2
524	-0.31248174284263247	1486	Top2	Top2
525	-0.3122708895261035	1486	Top2	Top2
526	-0.3122708895261035	1486	Top2	Top2
527	-0.309709316354553	1486	Top2	Top2
528	-0.306186960466152	1485	Top2	Top2
529	-0.306186960466152	1483	Top2	Top2
530	-0.31032273125629495	1483	Top2	Top2
531	-0.3080527034232465	1482	Top2	Top2
532	-0.30506830497460397	1481	Top2	Top2
533	-0.3066805729540495	1481	Top2	Top2
534	-0.312680382431332	1480	Top2	Top2
535	-0.315593064414502	1480	Top2	Top2
536	-0.31370474440034346	1479	Top2	Top2
537	-0.316202257848079	1479	Top2	Top2
538	-0.31604065239178347	1478	Top2	Top2
539	-0.31604065239178347	1479	Top2	Top2
540	-0.3143988216652835	1480	Top2	Top2
541	-0.315105266832436	1482	Top2	Top2
542	-0.3144205024672525	1484	Top2	Top2
543	-0.31834082989274204	1487	Top2	Top2
544	-0.31834082989274204	1488	Top2	Top2
545	-0.314834401913992	1488	Top2	Top2
546	-0.314834401913992	1488	Top2	Top2
547	-0.314834401913992	1486	Top2	Top2
548	-0.31640112139021	1484	Top2	Top2
549	-0.313194219112175	1485	Top2	Top2
550	-0.31155396935234303	1486	Top2	Top2
551	-0.314086949677286	1486	Top2	Top2
552	-0.31640112139021	1489	Top2	Top2
553	-0.3170647369517105	1488	Top2	Top2
554	-0.315417087478362	1485	Top2	Top2
555	-0.315417087478362	1488	Top2	Top2
556	-0.311861944888511	1488	Top2	Top2
557	-0.31546002613421203	1488	Top2	Top2
558	-0.31706993198581945	1485	Top2	Top2
559	-0.31124149420534303	1488	Top2	Top2
560	-0.31084934155226507	1487	Top2	Top2
561	-0.31163431007152953	1488	Top2	Top2
562	-0.31124149420534303	1487	Top2	Top2
563	-0.311886364953287	1484	Top2	Top2
564	-0.31102689890453206	1482	Top2	Top2
565	-0.30919078281290346	1483	Top2	Top2
566	-0.311874546481156	1484	Top2	Top2
567	-0.30919078281290346	1483	Top2	Top2
568	-0.31413046787462895	1484	Top2	Top2
569	-0.31530329824696846	1485	Top2	Top2
570	-0.313579351577863	1486	Top2	Top2
571	-0.31098752123599194	1487	Top2	Top2
572	-0.3120098342234025	1485	Top2	Top2
573	-0.30826530192676876	1487	Top2	Top2
574	-0.30877531626469756	1487	Top2	Top2
575	-0.308208014752831	1488	Top2	Top2
576	-0.30554524817659046	1487	Top2	Top2
577	-0.29805994031193006	1487	Top2	Top2
578	-0.2965204827989645	1485	Top2	Top2
579	-0.2932234972555565	1486	Top2	Top2
580	-0.2987791229480745	1485	Top2	Top2
581	-0.30156004367564504	1485	Top2	Top2
582	-0.298722360025493	1488	Top2	Top2
583	-0.296265350078849	1488	Top2	Top2
584	-0.30186811512887946	1489	Top2	Top2
585	-0.303850034974888	1489	Top2	Top2
586	-0.303000854494928	1489	Top2	Top2
587	-0.303850034974888	1488	Top2	Top2
588	-0.3020756805760775	1488	Top2	Top2
589	-0.298361066043638	1487	Top2	Top2
590	-0.29950735445679355	1487	Top2	Top2
591	-0.2988658196043885	1489	Top2	Top2
592	-0.2969730594749125	1489	Top2	Top2
593	-0.295027710001009	1489	Top2	Top2
594	-0.293221475494582	1490	Top2	Top2
595	-0.29607709848537	1492	Top2	Top2
596	-0.29200017359139796	1494	Top2	Top2
597	-0.293514175779719	1495	Top2	Top2
598	-0.3016042282517875	1495	Top2	Top2
599	-0.299011522313103	1497	Top2	Top2
600	-0.297152542985419	1497	Top2	Top2
601	-0.2988488690751835	1497	Top2	Top2
602	-0.30103336738489395	1498	Top2	Top2
603	-0.29982679133395196	1498	Top2	Top2
604	-0.30248918418716503	1500	Top2	Top2
605	-0.299705018458734	1499	Top2	Top2
606	-0.30311022503635554	1498	Top2	Top2
607	-0.3042426449022685	1500	Top2	Top2
608	-0.3058315298883785	1500	Top2	Top2
609	-0.3042426449022685	1499	Top2	Top2
610	-0.30471639849161447	1500	Top2	Top2
611	-0.30137552783148147	1501	Top2	Top2
612	-0.29856969469922345	1503	Top2	Top2
613	-0.29928897065906446	1503	Top2	Top2
614	-0.29976307208690045	1505	Top2	Top2
615	-0.29845618179208	1506	Top2	Top2
616	-0.29928897065906446	1505	Top2	Top2
617	-0.3018078062702615	1507	Top2	Top2
618	-0.3024386999206815	1506	Top2	Top2
619	-0.30511622674510896	1506	Top2	Top2
620	-0.30443517057909447	1507	Top2	Top2
621	-0.30443517057909447	1508	Top2	Top2
622	-0.30433553804973357	1507	Top2	Top2
623	-0.30387495677792153	1507	Top2	Top2
624	-0.2995947286731045	1506	Top2	Top2
625	-0.298159336474989	1508	Top2	Top2
626	-0.29936943781728	1509	Top2	Top2
627	-0.2998963729354805	1510	Top2	Top2
628	-0.3021565401606055	1509	Top2	Top2
629	-0.30135704118542495	1508	Top2	Top2
630	-0.297973462610095	1508	Top2	Top2
631	-0.3002575279091795	1510	Top2	Top2
632	-0.29225158892437253	1510	Top2	Top2
633	-0.29841556007529446	1508	Top2	Top2
634	-0.29513156307969146	1510	Top2	Top2
635	-0.2969570537631395	1510	Top2	Top2
636	-0.2975696313987395	1511	Top2	Top2
637	-0.294345692118116	1512	Top2	Top2
638	-0.297261950708179	1512	Top2	Top2
639	-0.295262553026169	1513	Top2	Top2
640	-0.294296490342843	1516	Top2	Top2
641	-0.294168828674891	1516	Top2	Top2
642	-0.2909914458798565	1517	Top2	Top2
643	-0.29110161289545344	1517	Top2	Top2
644	-0.289916484620482	1516	Top2	Top2
645	-0.287330214510931	1517	Top2	Top2
646	-0.286629301844879	1519	Top2	Top2
647	-0.28454293209441	1521	Top2	Top2
648	-0.2811497712336375	1521	Top2	Top2
649	-0.27915370473643397	1521	Top2	Top2
650	-0.27663066658485647	1522	Top2	Top2
651	-0.2776607704029695	1521	Top2	Top2
652	-0.2766834421076495	1522	Top2	Top2
653	-0.27708633003911853	1525	Top2	Top2
654	-0.27221811260263495	1526	Top2	Top2
655	-0.2702323733356675	1525	Top2	Top2
656	-0.269365431500468	1524	Top2	Top2
657	-0.265274946024845	1525	Top2	Top2
658	-0.26388528868059	1525	Top2	Top2
659	-0.2643703726671415	1528	Top2	Top2
660	-0.26320378525189403	1526	Top2	Top2
661	-0.26388528868059	1526	Top2	Top2
662	-0.259137820979277	1526	Top2	Top2
663	-0.259522316184545	1528	Top2	Top2
664	-0.25969542316011196	1529	Top2	Top2
665	-0.25932009903015096	1530	Top2	Top2
666	-0.255517956689585	1532	Top2	Top2
667	-0.252044454931801	1535	Top2	Top2
668	-0.24945411699103998	1535	Top2	Top2
669	-0.2513041092566205	1535	Top2	Top2
670	-0.25065685411999705	1536	Top2	Top2
671	-0.249221368773343	1536	Top2	Top2
672	-0.248502020613975	1536	Top2	Top2
673	-0.244223747696581	1538	Top2	Top2
674	-0.246813269612089	1538	Top2	Top2
675	-0.24311083893164948	1539	Top2	Top2
676	-0.24311083893164948	1538	Top2	Top2
677	-0.2449451936185485	1540	Top2	Top2
678	-0.242823202197801	1542	Top2	Top2
679	-0.2407961095228325	1542	Top2	Top2
680	-0.23763821932499551	1544	Top2	Top2
681	-0.23535817760753	1546	Top2	Top2
682	-0.2300994366674975	1545	Top2	Top2
683	-0.2281710219247195	1544	Top2	Top2
684	-0.225610874810866	1543	Top2	Top2
685	-0.22225118254710796	1544	Top2	Top2
686	-0.2227861195219105	1545	Top2	Top2
687	-0.2228057839899285	1544	Top2	Top2
688	-0.22255749235151648	1545	Top2	Top2
689	-0.2197379963417435	1545	Top2	Top2
690	-0.21932950353756298	1547	Top2	Top2
691	-0.21870646936399302	1549	Top2	Top2
692	-0.21593609412488451	1549	Top2	Top2
693	-0.21516454474115349	1552	Top2	Top2
694	-0.21593609412488451	1551	Top2	Top2
695	-0.21593609412488451	1550	Top2	Top2
696	-0.217316055246481	1550	Top2	Top2
697	-0.21712631352413853	1552	Top2	Top2
698	-0.21376889255810952	1555	Top2	Top2
699	-0.2148722929366025	1555	Top2	Top2
700	-0.21758424335114201	1554	Top2	Top2
701	-0.213971053919777	1555	Top2	Top2
702	-0.21408007518565902	1558	Top2	Top2
703	-0.21537144891204002	1561	Top2	Top2
704	-0.21759728690976649	1562	Top2	Top2
705	-0.2170208192124245	1563	Top2	Top2
706	-0.21248890087517752	1565	Top2	Top2
707	-0.20825085500409252	1565	Top2	Top2
708	-0.20825085500409252	1566	Top2	Top2
709	-0.205691102550829	1567	Top2	Top2
710	-0.20549253240520898	1566	Top2	Top2
711	-0.20549253240520898	1568	Top2	Top2
712	-0.201730041926949	1568	Top2	Top2
713	-0.200544428222098	1567	Top2	Top2
714	-0.202029961171516	1569	Top2	Top2
715	-0.1963432289835965	1570	Top2	Top2
716	-0.19565912519790948	1572	Top2	Top2
717	-0.19565912519790948	1573	Top2	Top2
718	-0.19039498604129151	1574	Top2	Top2
719	-0.19324680530120153	1574	Top2	Top2
720	-0.19441672524952403	1577	Top2	Top2
721	-0.1951112450581635	1579	Top2	Top2
722	-0.1968500136621785	1579	Top2	Top2
723	-0.19640944237846997	1579	Top2	Top2
724	-0.195727503603899	1581	Top2	Top2
725	-0.19529959261041652	1582	Top2	Top2
726	-0.19879162319084404	1584	Top2	Top2
727	-0.198733738094819	1585	Top2	Top2
728	-0.19890848419956603	1585	Top2	Top2
729	-0.19890848419956603	1585	Top2	Top2
730	-0.19127211403295602	1589	Top2	Top2
731	-0.18882658434375302	1591	Top2	Top2
732	-0.18684887404420797	1593	Top2	Top2
733	-0.189439276770013	1593	Top2	Top2
734	-0.18976312295242498	1595	Top2	Top2
735	-0.18976312295242498	1596	Top2	Top2
736	-0.185824442625828	1595	Top2	Top2
737	-0.18570181856824303	1595	Top2	Top2
738	-0.18091161117482002	1596	Top2	Top2
739	-0.17965212243195378	1600	Top2	Top2
740	-0.1793951364362375	1600	Top2	Top2
741	-0.1787554227255055	1602	Top2	Top2
742	-0.17661432436879448	1603	Top2	Top2
743	-0.17460762559459647	1604	Top2	Top2
744	-0.1722782842047235	1605	Top2	Top2
745	-0.169067622564188	1606	Top2	Top2
746	-0.171255013705602	1608	Top2	Top2
747	-0.16850859923342998	1610	Top2	Top2
748	-0.16448190984640948	1612	Top2	Top2
749	-0.161387600483394	1615	Top2	Top2
750	-0.1602409299123255	1616	Top2	Top2
751	-0.159528572661178	1616	Top2	Top2
752	-0.15348053943575	1619	Top2	Top2
753	-0.1551453473545655	1619	Top2	Top2
754	-0.15242249887931297	1619	Top2	Top2
755	-0.15348053943575	1621	Top2	Top2
756	-0.1582108074468545	1621	Top2	Top2
757	-0.15908377242494648	1622	Top2	Top2
758	-0.15908377242494648	1623	Top2	Top2
759	-0.154637323277582	1626	Top2	Top2
760	-0.15402792912069752	1627	Top2	Top2
761	-0.1537867086002465	1629	Top2	Top2
762	-0.1525377583555955	1630	Top2	Top2
763	-0.151008659786462	1631	Top2	Top2
764	-0.149044062667418	1631	Top2	Top2
765	-0.1451376155461355	1632	Top2	Top2
766	-0.145367760035669	1632	Top2	Top2
767	-0.143248280543077	1634	Top2	Top2
768	-0.14313875005959104	1633	Top2	Top2
769	-0.141317348687152	1633	Top2	Top2
770	-0.1403432082303515	1633	Top2	Top2
771	-0.14113878733575952	1634	Top2	Top2
772	-0.140464893962746	1636	Top2	Top2
773	-0.1366096259464445	1637	Top2	Top2
774	-0.1298318238811985	1638	Top2	Top2
775	-0.1336166901077605	1642	Top2	Top2
776	-0.13342176492646401	1644	Top2	Top2
777	-0.12752800766687	1644	Top2	Top2
778	-0.1300863923030205	1646	Top2	Top2
779	-0.128299764573085	1648	Top2	Top2
780	-0.126375559154796	1650	Top2	Top2
781	-0.12739951681454548	1651	Top2	Top2
782	-0.1235953435039035	1652	Top2	Top2
783	-0.12328348183493651	1651	Top2	Top2
784	-0.12035011845162749	1652	Top2	Top2
785	-0.11662282836930551	1653	Top2	Top2
786	-0.118644114803914	1656	Top2	Top2
787	-0.11557510898653398	1657	Top2	Top2
788	-0.114954437015345	1660	Top2	Top2
789	-0.10759497028124701	1661	Top2	Top2
790	-0.10844996113372599	1664	Top2	Top2
791	-0.10468306315926851	1663	Top2	Top2
792	-0.1049170983746075	1664	Top2	Top2
793	-0.10309894588013349	1664	Top2	Top2
794	-0.1042653722984235	1670	Top2	Top2
795	-0.1045844234005525	1673	Top2	Top2
796	-0.102199163687997	1674	Top2	Top2
797	-0.0988682970917633	1676	Top2	Top2
798	-0.0941150763935863	1676	Top2	Top2
799	-0.09309316720355654	1680	Top2	Top2
800	-0.09386742171546834	1680	Top2	Top2
801	-0.09340694650312534	1680	Top2	Top2
802	-0.09538151865075886	1680	Top2	Top2
803	-0.09287305472377905	1682	Top2	Top2
804	-0.0900764494366311	1686	Top2	Top2
805	-0.08950797076807696	1686	Top2	Top2
806	-0.09277303929457485	1687	Top2	Top2
807	-0.09236794434154716	1689	Top2	Top2
808	-0.09140983901863345	1688	Top2	Top2
809	-0.0888933458983312	1688	Top2	Top2
810	-0.08454340713674445	1688	Top2	Top2
811	-0.0821047001510441	1691	Top2	Top2
812	-0.07878153720856654	1691	Top2	Top2
813	-0.07175087524503225	1693	Top2	Top2
814	-0.07234086042494145	1695	Top2	Top2
815	-0.06944141578204491	1698	Top2	Top2
816	-0.06752993302547064	1700	Top2	Top2
817	-0.06588409995006936	1701	Top2	Top2
818	-0.0630792261814723	1706	Top2	Top2
819	-0.0584981544148142	1711	Top2	Top2
820	-0.0620654119647657	1714	Top2	Top2
821	-0.0528735036121409	1716	Top2	Top2
822	-0.058164811141383804	1720	Top2	Top2
823	-0.052135424234802	1724	Top2	Top2
824	-0.0530152827022235	1725	Top2	Top2
825	-0.0517789932946658	1727	Top2	Top2
826	-0.048867057507860204	1726	Top2	Top2
827	-0.048867057507860204	1726	Top2	Top2
828	-0.04624193385083915	1729	Top2	Top2
829	-0.039485982684512005	1731	Top2	Top2
830	-0.03384710993330335	1733	Top2	Top2
831	-0.0333542267530229	1735	Top2	Top2
832	-0.03034479409309555	1737	Top2	Top2
833	-0.0254593915753343	1740	Top2	Top2
834	-0.0245265365825986	1741	Top2	Top2
835	-0.02199481786056855	1740	Top2	Top2
836	-0.0156924871292058	1745	Top2	Top2
837	-0.01164570007671	1745	Top2	Top2
838	-0.012394520621307449	1748	Top2	Top2
839	-0.01163865288622855	1752	Top2	Top2
840	-0.008939802795677507	1754	Top2	Top2
841	-0.00923572153951898	1758	Top2	Top2
842	-0.00880155190090247	1761	Top2	Top2
843	-0.006482292794440035	1763	Top2	Top2
844	-0.00226185416076502	1766	Top2	Top2
845	-0.0001241259765838045	1767	Top2	Top2
846	0.003408816001256175	1771	Top2	Top2
847	0.009382696388923735	1771	Top2	Top2
848	0.01028359641786955	1773	Top2	Top2
849	0.0145229954349099	1774	Top2	Top2
850	0.0179163250563263	1777	Top2	Top2
851	0.017145506241429725	1778	Top2	Top2
852	0.0185934647883175	1781	Top2	Top2
853	0.0175963887990165	1785	Top2	Top2
854	0.01962945277768735	1788	Top2	Top2
855	0.0222213892116937	1791	Top2	Top2
856	0.0236061270507649	1793	Top2	Top2
857	0.0262595111270416	1795	Top2	Top2
858	0.0267897139791612	1794	Top2	Top2
859	0.0262231708746649	1796	Top2	Top2
860	0.026351471556896898	1799	Top2	Top2
861	0.0291767572988759	1804	Top2	Top2
862	0.0387555528404335	1809	Top2	Top2
863	0.0441628902443708	1810	Top2	Top2
864	0.04552421694347425	1810	Top2	Top2
865	0.0500911350167968	1812	Top2	Top2
866	0.05307591864745495	1815	Top2	Top2
867	0.053915333957593	1819	Top2	Top2
868	0.053140731675306196	1820	Top2	Top2
869	0.054600930912746856	1823	Top2	Top2
870	0.058640317194077904	1826	Top2	Top2
871	0.05721830135042005	1827	Top2	Top2
872	0.057872232506219146	1829	Top2	Top2
873	0.0585268420501854	1834	Top2	Top2
874	0.06606405844970074	1840	Top2	Top2
875	0.062459679423053145	1842	Top2	Top2
876	0.0630988906608924	1845	Top2	Top2
877	0.0630988906608924	1848	Top2	Top2
878	0.0708831236322163	1849	Top2	Top2
879	0.0738343176416375	1853	Top2	Top2
880	0.07957636345240846	1856	Top2	Top2
881	0.0827560123155115	1858	Top2	Top2
882	0.08674502700844366	1860	Top2	Top2
883	0.0900236186195259	1865	Top2	Top2
884	0.0935605970069528	1867	Top2	Top2
885	0.0916983621113831	1867	Top2	Top2
886	0.09392624750639994	1869	Top2	Top2
887	0.0970601278920307	1872	Top2	Top2
888	0.0972620406218791	1873	Top2	Top2
889	0.09824542862463075	1876	Top2	Top2
890	0.1041205113734325	1880	Top2	Top2
891	0.110846413032549	1883	Top2	Top2
892	0.11090166211915349	1885	Top2	Top2
893	0.1108754535593775	1886	Top2	Top2
894	0.1143126945292855	1888	Top2	Top2
895	0.1166362400027075	1892	Top2	Top2
896	0.11993331950616573	1896	Top2	Top2
897	0.12304553112633249	1899	Top2	Top2
898	0.1317289947055415	1902	Top2	Top2
899	0.1317289947055415	1908	Top2	Top2
900	0.13479857345562601	1911	Top2	Top2
901	0.1323807411339075	1917	Top2	Top2
902	0.133620505014475	1919	Top2	Top2
903	0.136379347715308	1917	Top2	Top2
904	0.1431003271084555	1920	Top2	Top2
905	0.1437311556182575	1921	Top2	Top2
906	0.14662065907878452	1925	Top2	Top2
907	0.14730466491265	1926	Top2	Top2
908	0.14494523553997146	1929	Top2	Top2
909	0.144837369616449	1932	Top2	Top2
910	0.1474949374203035	1936	Top2	Top2
911	0.1478850804139565	1943	Top2	Top2
912	0.1527144070745705	1946	Top2	Top2
913	0.1534643627196905	1947	Top2	Top2
914	0.15863790258885474	1949	Top2	Top2
915	0.1633107471358885	1949	Top2	Top2
916	0.16834416827735052	1955	Top2	Top2
917	0.171877433246945	1954	Top2	Top2
918	0.17725996128681398	1955	Top2	Top2
919	0.179873216602221	1962	Top2	Top2
920	0.181722976991912	1964	Top2	Top2
921	0.184283302864152	1966	Top2	Top2
922	0.1918727135346045	1971	Top2	Top2
923	0.1916632315500965	1972	Top2	Top2
924	0.194005001460673	1972	Top2	Top2
925	0.1989917959711045	1974	Top2	Top2
926	0.19904241026534703	1973	Top2	Top2
927	0.20397418369745954	1976	Top2	Top2
928	0.21030550039268503	1981	Top2	Top2
929	0.21382446600913002	1984	Top2	Top2
930	0.21812255105286	1987	Top2	Top2
931	0.2212526149528245	1992	Top2	Top2
932	0.2236074345006255	1994	Top2	Top2
933	0.226773158380621	1996	Top2	Top2
934	0.2257238753705455	1999	Top2	Top2
935	0.226568935099483	2001	Top2	Top2
936	0.227895781021091	2009	Top2	Top2
937	0.2344175993514175	2013	Top2	Top2
938	0.2377651470234275	2016	Top2	Top2
939	0.242618393978732	2020	Top2	Top2
940	0.242618393978732	2022	Top2	Top2
941	0.2523221175446775	2025	Top2	Top2
942	0.251147956302401	2026	Top2	Top2
943	0.253498565245846	2029	Top2	Top2
944	0.25505311928465246	2029	Top2	Top2
945	0.262993729840339	2031	Top2	Top2
946	0.265031055188845	2035	Top2	Top2
947	0.2689390376080825	2038	Top2	Top2
948	0.272862521739212	2038	Top2	Top2
949	0.28563951941369303	2043	Top2	Top2
950	0.28222841342442223	2043	Top2	Top2
951	0.283723499076725	2046	Top2	Top2
952	0.287294824228815	2051	Top2	Top2
953	0.2909383729055085	2055	Top2	Top2
954	0.29752619544315	2061	Top2	Top2
955	0.30427093115297554	2065	Top2	Top2
956	0.30932604967627353	2066	Top2	Top2
957	0.31021056492327653	2068	Top2	Top2
958	0.3108605001283695	2071	Top2	Top2
959	0.31140800161708804	2073	Top2	Top2
960	0.31315909276534504	2075	Top2	Top2
961	0.3138553031293905	2075	Top2	Top2
962	0.316667338771936	2078	Top2	Top2
963	0.31861946016334	2080	Top2	Top2
964	0.328989685048625	2086	Top2	Top2
965	0.33024674489528	2090	Top2	Top2
966	0.33038788450734297	2091	Top2	Top2
967	0.33382150932872245	2091	Top2	Top2
968	0.33958675183154247	2094	Top2	Top2
969	0.34353064902278896	2101	Top2	Top2
970	0.347783668654287	2104	Top2	Top2
971	0.35045728762035994	2106	Top2	Top2
972	0.357770749182193	2109	Top2	Top2
973	0.360259045149635	2113	Top2	Top2
974	0.3649125058204915	2117	Top2	Top2
975	0.367664321477766	2120	Top2	Top2
976	0.3721466556807965	2125	Top2	Top2
977	0.3783468560380445	2131	Top2	Top2
978	0.38227630679818647	2139	Top2	Top2
979	0.3876423602466985	2144	Top2	Top2
980	0.3879403905375055	2144	Top2	Top2
981	0.3877012656428395	2146	Top2	Top2
982	0.388648496460527	2150	Top2	Top2
983	0.387691493139324	2153	Top2	Top2
984	0.39083684075027747	2155	Top2	Top2
985	0.39485065869787894	2161	Top2	Top2
986	0.39722462382899953	2164	Top2	Top2
987	0.40072522676363603	2170	Top2	Top2
988	0.40014663058902855	2177	Top2	Top2
989	0.40056593118167605	2182	Top2	Top2
990	0.40246417863684497	2188	Top2	Top2
991	0.4071947084325165	2189	Top2	Top2
992	0.41061000472965703	2190	Top2	Top2
993	0.41025973618363254	2191	Top2	Top2
994	0.411210717078474	2195	Top2	Top2
995	0.4188302779202175	2200	Top2	Top2
996	0.42160770835480954	2202	Top2	Top2
997	0.4222074500474275	2205	Top2	Top2
998	0.4216806400241435	2207	Top2	Top2
999	0.4253427328421315	2206	Top2	Top2
1000	0.42513590527093503	2209	Top2	Top2
1001	0.42586186631858375	2210	Top2	Top2
1002	0.4240241802575815	2213	Top2	Top2
1003	0.42620626184332144	2214	Top2	Top2
1004	0.426607714297807	2214	Top2	Top2
1005	0.426576826744666	2218	Top2	Top2
1006	0.43320346594454306	2218	Top2	Top2
1007	0.43320346594454306	2218	Top2	Top2
1008	0.432889040978585	2218	Top2	Top2
1009	0.4335022007601455	2219	Top2	Top2
1010	0.4352490998882585	2224	Top2	Top2
1011	0.44197465894992405	2229	Top2	Top2
1012	0.44073435492108554	2235	Top2	Top2
1013	0.43930448994391946	2239	Top2	Top2
1014	0.444391159376504	2240	Top2	Top2
1015	0.449091857386039	2247	Top2	Top2
1016	0.450369318995144	2248	Top2	Top2
1017	0.45317651065220205	2250	Top2	Top2
1018	0.4565633192888185	2252	Top2	Top2
1019	0.45761636889591	2252	Top2	Top2
1020	0.458493107234487	2254	Top2	Top2
1021	0.461374251432721	2257	Top2	Top2
1022	0.461374251432721	2256	Top2	Top2
1023	0.46163610039839353	2256	Top2	Top2
1024	0.45912682370034347	2259	Top2	Top2
1025	0.46091017435560294	2259	Top2	Top2
1026	0.46190538184582003	2259	Top2	Top2
1027	0.46091017435560294	2259	Top2	Top2
1028	0.4618871844221515	2266	Top2	Top2
1029	0.461825616245632	2265	Top2	Top2
1030	0.46204056349160855	2271	Top2	Top2
1031	0.46338355105644546	2272	Top2	Top2
1032	0.464810961840688	2274	Top2	Top2
1033	0.46390219335265753	2275	Top2	Top2
1034	0.462813191674	2276	Top2	Top2
1035	0.461511922539625	2277	Top2	Top2
1036	0.467754777094995	2282	Top2	Top2
1037	0.4746321213195395	2285	Top2	Top2
1038	0.473873381582282	2287	Top2	Top2
1039	0.47463361280303595	2291	Top2	Top2
1040	0.47155193526943107	2289	Top2	Top2
1041	0.47071452216209053	2291	Top2	Top2
1042	0.47198545127639	2292	Top2	Top2
1043	0.4721536566401401	2293	Top2	Top2
1044	0.477763030875339	2294	Top2	Top2
1045	0.4760714090202335	2293	Top2	Top2
1046	0.47681775209045	2292	Top2	Top2
1047	0.47862169326164794	2294	Top2	Top2
1048	0.47681775209045	2295	Top2	Top2
1049	0.47913485688067403	2300	Top2	Top2
1050	0.4812316500374325	2300	Top2	Top2
1051	0.4851732241956961	2300	Top2	Top2
1052	0.4851732241956961	2299	Top2	Top2
1053	0.48586540728687355	2301	Top2	Top2
1054	0.48298080101472796	2305	Top2	Top2
1055	0.48298080101472796	2303	Top2	Top2
1056	0.48929329962607804	2303	Top2	Top2
1057	0.48814092022499955	2303	Top2	Top2
1058	0.48730141550527495	2303	Top2	Top2
1059	0.48542123615161703	2304	Top2	Top2
1060	0.4898154038466055	2302	Top2	Top2
1061	0.4898154038466055	2302	Top2	Top2
1062	0.49294240016619556	2302	Top2	Top2
1063	0.4967032549616385	2303	Top2	Top2
1064	0.493818864565997	2307	Top2	Top2
1065	0.49948653355802203	2310	Top2	Top2
1066	0.49960399309795	2311	Top2	Top2
1067	0.500649631884089	2314	Top2	Top2
1068	0.49960399309795	2309	Top2	Top2
1069	0.5027225674123135	2310	Top2	Top2
1070	0.5044521343538025	2309	Top2	Top2
1071	0.50074935505361	2308	Top2	Top2
1072	0.4995408648513965	2306	Top2	Top2
1073	0.501270435003137	2309	Top2	Top2
1074	0.5080693225320796	2305	Top2	Top2
1075	0.5091878320088035	2307	Top2	Top2
1076	0.5091878320088035	2306	Top2	Top2
1077	0.5107495409989491	2306	Top2	Top2
1078	0.5100229955925015	2305	Top2	Top2
1079	0.5100229955925015	2307	Top2	Top2
1080	0.510125911283416	2308	Top2	Top2
1081	0.511014469352908	2307	Top2	Top2
1082	0.511929960240761	2309	Top2	Top2
1083	0.5152392603111946	2312	Top2	Top2
1084	0.516165214108366	2315	Top2	Top2
1085	0.5181630489028385	2320	Top2	Top2
1086	0.5185311618264066	2318	Top2	Top2
1087	0.5188413061392505	2320	Top2	Top2
1088	0.5155878341908879	2319	Top2	Top2
1089	0.5147831406085785	2318	Top2	Top2
1090	0.5152612095106031	2324	Top2	Top2
1091	0.5152612095106031	2324	Top2	Top2
1092	0.513879191670548	2328	Top2	Top2
1093	0.51602034719589	2330	Top2	Top2
1094	0.5167014906706644	2332	Top2	Top2
1095	0.5156082584509429	2331	Top2	Top2
1096	0.5165149272151721	2334	Top2	Top2
1097	0.520446792644195	2335	Top2	Top2
1098	0.5176223101781481	2338	Top2	Top2
1099	0.5187388507670465	2337	Top2	Top2
1100	0.5197132068167569	2337	Top2	Top2
1101	0.5231272758135124	2341	Top2	Top2
1102	0.525601452798216	2340	Top2	Top2
1103	0.525601452798216	2340	Top2	Top2
1104	0.5294211134142005	2343	Top2	Top2
1105	0.5338874661771931	2342	Top2	Top2
1106	0.5325908389194876	2338	Top2	Top2
1107	0.533668685522003	2340	Top2	Top2
1108	0.5344038142879575	2340	Top2	Top2
1109	0.5312245624359789	2341	Top2	Top2
1110	0.5327824491190359	2342	Top2	Top2
1111	0.5355502602100275	2341	Top2	Top2
1112	0.5334864344023754	2341	Top2	Top2
1113	0.5366563771376172	2345	Top2	Top2
1114	0.539791588079789	2343	Top2	Top2
1115	0.5390004413306746	2345	Top2	Top2
1116	0.539347022536895	2345	Top2	Top2
1117	0.5390004413306746	2345	Top2	Top2
1118	0.536764306673295	2347	Top2	Top2
1119	0.534908777675692	2348	Top2	Top2
1120	0.5331245037397125	2348	Top2	Top2
1121	0.534908777675692	2351	Top2	Top2
1122	0.5356644875401715	2350	Top2	Top2
1123	0.536395919743473	2347	Top2	Top2
1124	0.536283513361575	2345	Top2	Top2
1125	0.5346525532356234	2346	Top2	Top2
1126	0.5369676466272755	2348	Top2	Top2
1127	0.5361560955039415	2346	Top2	Top2
1128	0.5369676466272755	2348	Top2	Top2
1129	0.534685258211979	2346	Top2	Top2
1130	0.537074865863095	2346	Top2	Top2
1131	0.5395733992833669	2349	Top2	Top2
1132	0.5399351794038455	2351	Top2	Top2
1133	0.539607492092872	2350	Top2	Top2
1134	0.535502508299415	2352	Top2	Top2
1135	0.5321918237783735	2353	Top2	Top2
1136	0.5322131498941395	2353	Top2	Top2
1137	0.5342246661626016	2351	Top2	Top2
1138	0.535600852653245	2348	Top2	Top2
1139	0.5359405393301521	2348	Top2	Top2
1140	0.5376947072752629	2351	Top2	Top2
1141	0.535569209681328	2350	Top2	Top2
1142	0.534935483280166	2351	Top2	Top2
1143	0.538442511610566	2349	Top2	Top2
1144	0.537044185729287	2349	Top2	Top2
1145	0.5379037369397455	2348	Top2	Top2
1146	0.5334690912014131	2345	Top2	Top2
1147	0.5323588523985585	2346	Top2	Top2
1148	0.5334690912014131	2348	Top2	Top2
1149	0.530863198905644	2348	Top2	Top2
1150	0.5300408883407746	2351	Top2	Top2
1151	0.5320863084897995	2352	Top2	Top2
1152	0.5361943106709071	2351	Top2	Top2
1153	0.5373940707332745	2355	Top2	Top2
1154	0.5364567583486755	2353	Top2	Top2
1155	0.537778868023019	2355	Top2	Top2
1156	0.537154144584703	2353	Top2	Top2
1157	0.5360747075708595	2351	Top2	Top2
1158	0.5333613839027209	2346	Top2	Top2
1159	0.5336098843862915	2343	Top2	Top2
1160	0.5319046332961035	2343	Top2	Top2
1161	0.5298069768596736	2341	Top2	Top2
1162	0.5265134981709325	2340	Top2	Top2
1163	0.5267341143042195	2341	Top2	Top2
1164	0.5271088272808191	2341	Top2	Top2
1165	0.5304777349559975	2343	Top2	Top2
1166	0.5283732011333215	2347	Top2	Top2
1167	0.5283732011333215	2345	Top2	Top2
1168	0.5271476034892565	2343	Top2	Top2
1169	0.5234624240019281	2342	Top2	Top2
1170	0.524092362964137	2341	Top2	Top2
1171	0.5185523582312186	2341	Top2	Top2
1172	0.521138940674335	2343	Top2	Top2
1173	0.5198287408751325	2342	Top2	Top2
1174	0.5198287408751325	2341	Top2	Top2
1175	0.5198287408751325	2338	Top2	Top2
1176	0.5217975580309235	2338	Top2	Top2
1177	0.518096853657379	2339	Top2	Top2
1178	0.5204458991917784	2342	Top2	Top2
1179	0.5195584720716595	2341	Top2	Top2
1180	0.5148852235141466	2341	Top2	Top2
1181	0.5135767632082799	2341	Top2	Top2
1182	0.510567327095359	2340	Top2	Top2
1183	0.5102188379161635	2338	Top2	Top2
1184	0.513073182804556	2339	Top2	Top2
1185	0.5124171738761321	2339	Top2	Top2
1186	0.5118469139490149	2340	Top2	Top2
1187	0.5118469139490149	2337	Top2	Top2
1188	0.5131559491853355	2339	Top2	Top2
1189	0.511478741900867	2342	Top2	Top2
1190	0.5105050878795514	2342	Top2	Top2
1191	0.5113420624168474	2339	Top2	Top2
1192	0.509607213480695	2339	Top2	Top2
1193	0.5071711659636651	2338	Top2	Top2
1194	0.5071711659636651	2338	Top2	Top2
1195	0.506144747726528	2339	Top2	Top2
1196	0.506350388436758	2339	Top2	Top2
1197	0.510609810001217	2337	Top2	Top2
1198	0.5100488006540169	2338	Top2	Top2
1199	0.512100992869748	2335	Top2	Top2
1200	0.5077546913979339	2338	Top2	Top2
1201	0.508530630856735	2337	Top2	Top2
1202	0.508530630856735	2336	Top2	Top2
1203	0.507456878911845	2340	Top2	Top2
1204	0.5062077567944335	2341	Top2	Top2
1205	0.5028995366660155	2340	Top2	Top2
1206	0.5028995366660155	2341	Top2	Top2
1207	0.49882652549546846	2339	Top2	Top2
1208	0.49889135966830944	2340	Top2	Top2
1209	0.500488015725398	2341	Top2	Top2
1210	0.4997050119615445	2340	Top2	Top2
1211	0.5005270267071016	2340	Top2	Top2
1212	0.49820438645836945	2340	Top2	Top2
1213	0.499855520895452	2344	Top2	Top2
1214	0.4964337330805455	2343	Top2	Top2
1215	0.5014888623655	2343	Top2	Top2
1216	0.500516627696988	2341	Top2	Top2
1217	0.501090200565879	2340	Top2	Top2
1218	0.49689991287500446	2339	Top2	Top2
1219	0.49257692761939453	2339	Top2	Top2
1220	0.491463396056654	2337	Top2	Top2
1221	0.490457896032787	2335	Top2	Top2
1222	0.48999034711783196	2333	Top2	Top2
1223	0.486319524949112	2332	Top2	Top2
1224	0.4847854451093805	2325	Top2	Top2
1225	0.48953044373633847	2324	Top2	Top2
1226	0.48548184462607147	2321	Top2	Top2
1227	0.47942542821481005	2320	Top2	Top2
1228	0.47942542821481005	2318	Top2	Top2
1229	0.478102560673796	2314	Top2	Top2
1230	0.4818783221681925	2312	Top2	Top2
1231	0.47347430888137754	2309	Top2	Top2
1232	0.474594763295196	2311	Top2	Top2
1233	0.471986996028981	2310	Top2	Top2
1234	0.47325057095302003	2307	Top2	Top2
1235	0.468995231876538	2306	Top2	Top2
1236	0.4671047392317985	2305	Top2	Top2
1237	0.4672514576096525	2306	Top2	Top2
1238	0.46802601925326703	2307	Top2	Top2
1239	0.4678016788508905	2307	Top2	Top2
1240	0.46532711940902705	2306	Top2	Top2
1241	0.4654753665296121	2305	Top2	Top2
1242	0.4659174111099915	2302	Top2	Top2
1243	0.464017865394503	2306	Top2	Top2
1244	0.4626572879685025	2305	Top2	Top2
1245	0.46233327814870606	2305	Top2	Top2
1246	0.46208648602648494	2303	Top2	Top2
1247	0.456636009552488	2304	Top2	Top2
1248	0.4520325618333395	2303	Top2	Top2
1249	0.45341315491265854	2305	Top2	Top2
1250	0.452686028712858	2302	Top2	Top2
1251	0.453663300948493	2299	Top2	Top2
1252	0.4546351262235925	2299	Top2	Top2
1253	0.45242316894848555	2298	Top2	Top2
1254	0.4528898636030985	2296	Top2	Top2
1255	0.45099777704525457	2297	Top2	Top2
1256	0.4470991846084425	2296	Top2	Top2
1257	0.44792151290829096	2294	Top2	Top2
1258	0.445767966146203	2293	Top2	Top2
1259	0.4428012935010795	2290	Top2	Top2
1260	0.4459962025286205	2287	Top2	Top2
1261	0.439138563257002	2286	Top2	Top2
1262	0.436950529364041	2284	Top2	Top2
1263	0.43416387076602003	2283	Top2	Top2
1264	0.433989421906819	2284	Top2	Top2
1265	0.427342165474541	2283	Top2	Top2
1266	0.4249771836367825	2281	Top2	Top2
1267	0.4238173017422485	2279	Top2	Top2
1268	0.4187015224400425	2277	Top2	Top2
1269	0.417958067716518	2276	Top2	Top2
1270	0.414972637553642	2275	Top2	Top2
1271	0.4114970193398655	2278	Top2	Top2
1272	0.4102126123582075	2276	Top2	Top2
1273	0.40749451596671604	2276	Top2	Top2
1274	0.4123670781790455	2278	Top2	Top2
1275	0.4118859381379765	2277	Top2	Top2
1276	0.4146713726721515	2275	Top2	Top2
1277	0.415108005762134	2273	Top2	Top2
1278	0.414964622685735	2269	Top2	Top2
1279	0.414495420748747	2269	Top2	Top2
1280	0.414319465035393	2265	Top2	Top2
1281	0.4160525734170395	2264	Top2	Top2
1282	0.41452132983750145	2264	Top2	Top2
1283	0.41452132983750145	2261	Top2	Top2
1284	0.41355096451288653	2258	Top2	Top2
1285	0.4116388249324635	2258	Top2	Top2
1286	0.410758226488869	2256	Top2	Top2
1287	0.41049748528270047	2255	Top2	Top2
1288	0.414747579927668	2255	Top2	Top2
1289	0.41246388534390355	2252	Top2	Top2
1290	0.41297211174753157	2252	Top2	Top2
1291	0.41297211174753157	2250	Top2	Top2
1292	0.41745204580445705	2248	Top2	Top2
1293	0.41410487304208754	2243	Top2	Top2
1294	0.4154362916046085	2242	Top2	Top2
1295	0.41350810430523355	2241	Top2	Top2
1296	0.412383462117252	2239	Top2	Top2
1297	0.41287328040079807	2239	Top2	Top2
1298	0.41121014925418653	2237	Top2	Top2
1299	0.41121014925418653	2236	Top2	Top2
1300	0.40919081296964604	2232	Top2	Top2
1301	0.4080396103684955	2232	Top2	Top2
1302	0.409314768633598	2229	Top2	Top2
1303	0.40666280558928003	2229	Top2	Top2
1304	0.4028356228147365	2227	Top2	Top2
1305	0.407443398996276	2226	Top2	Top2
1306	0.4028978153567375	2224	Top2	Top2
1307	0.40145590098917155	2223	Top2	Top2
1308	0.4000164271770325	2223	Top2	Top2
1309	0.4000164271770325	2218	Top2	Top2
1310	0.40139003795614103	2217	Top2	Top2
1311	0.39520720585438196	2216	Top2	Top2
1312	0.392723102466788	2215	Top2	Top2
1313	0.391087700873723	2212	Top2	Top2
1314	0.391087700873723	2210	Top2	Top2
1315	0.39260007234792305	2208	Top2	Top2
1316	0.39009066839356	2207	Top2	Top2
1317	0.389876878779917	2206	Top2	Top2
1318	0.38803251594859045	2205	Top2	Top2
1319	0.38715439557678205	2203	Top2	Top2
1320	0.38831249404409895	2206	Top2	Top2
1321	0.388781704183406	2203	Top2	Top2
1322	0.3910906250296555	2201	Top2	Top2
1323	0.3910906250296555	2201	Top2	Top2
1324	0.389185792299479	2202	Top2	Top2
1325	0.38522440384856993	2203	Top2	Top2
1326	0.38238736872324497	2203	Top2	Top2
1327	0.3807965034283005	2203	Top2	Top2
1328	0.3807774429635495	2202	Top2	Top2
1329	0.37992872795525545	2204	Top2	Top2
1330	0.3828121375293705	2203	Top2	Top2
1331	0.3853985814849465	2204	Top2	Top2
1332	0.3853985814849465	2200	Top2	Top2
1333	0.3825637078437245	2194	Top2	Top2
1334	0.3821746276982725	2194	Top2	Top2
1335	0.382842433741841	2192	Top2	Top2
1336	0.38255462648233596	2191	Top2	Top2
1337	0.3815215207538485	2190	Top2	Top2
1338	0.376079642969384	2190	Top2	Top2
1339	0.3742696889150685	2190	Top2	Top2
1340	0.37509441528586546	2188	Top2	Top2
1341	0.37324597963744754	2187	Top2	Top2
1342	0.3737687465780275	2186	Top2	Top2
1343	0.373378914940371	2184	Top2	Top2
1344	0.3732753375782985	2182	Top2	Top2
1345	0.3694210436774955	2180	Top2	Top2
1346	0.36601712381345	2177	Top2	Top2
1347	0.367770919524561	2176	Top2	Top2
1348	0.370047823932737	2174	Top2	Top2
1349	0.36776062776095353	2171	Top2	Top2
1350	0.36741915015909854	2166	Top2	Top2
1351	0.362857507166499	2159	Top2	Top2
1352	0.35849417295076047	2158	Top2	Top2
1353	0.35657084266969596	2159	Top2	Top2
1354	0.35849417295076047	2157	Top2	Top2
1355	0.35774174461490194	2153	Top2	Top2
1356	0.356829183475305	2154	Top2	Top2
1357	0.35584131121946805	2153	Top2	Top2
1358	0.3537181998212765	2151	Top2	Top2
1359	0.35357784492644795	2150	Top2	Top2
1360	0.352184775312687	2147	Top2	Top2
1361	0.347473435930883	2147	Top2	Top2
1362	0.3498358276623395	2148	Top2	Top2
1363	0.34556620981086106	2148	Top2	Top2
1364	0.3460547776340095	2147	Top2	Top2
1365	0.34716540405742546	2147	Top2	Top2
1366	0.345380087234053	2147	Top2	Top2
1367	0.3466001353542615	2141	Top2	Top2
1368	0.345144085417686	2139	Top2	Top2
1369	0.34384380325559993	2138	Top2	Top2
1370	0.343787202691185	2139	Top2	Top2
1371	0.3413442963070855	2139	Top2	Top2
1372	0.337501132163357	2135	Top2	Top2
1373	0.340298819894828	2134	Top2	Top2
1374	0.3378599637299435	2133	Top2	Top2
1375	0.3354086892807605	2132	Top2	Top2
1376	0.3349046601142135	2130	Top2	Top2
1377	0.3338144200870155	2127	Top2	Top2
1378	0.325262442287099	2125	Top2	Top2
1379	0.3220466179647905	2121	Top2	Top2
1380	0.32278924064203396	2120	Top2	Top2
1381	0.32372652617532005	2116	Top2	Top2
1382	0.326007049470118	2115	Top2	Top2
1383	0.3255003396985585	2114	Top2	Top2
1384	0.32335234866815654	2111	Top2	Top2
1385	0.32177066310734903	2108	Top2	Top2
1386	0.32067271827044697	2105	Top2	Top2
1387	0.322754149178037	2103	Top2	Top2
1388	0.32335050144775046	2105	Top2	Top2
1389	0.31890348559279297	2107	Top2	Top2
1390	0.315821277800513	2103	Top2	Top2
1391	0.31405074028430546	2104	Top2	Top2
1392	0.31436879820983	2101	Top2	Top2
1393	0.3092464348753365	2103	Top2	Top2
1394	0.3024989198719825	2100	Top2	Top2
1395	0.301128133480717	2097	Top2	Top2
1396	0.2999140453180455	2093	Top2	Top2
1397	0.2999140453180455	2095	Top2	Top2
1398	0.2950232840182415	2094	Top2	Top2
1399	0.295026581024744	2095	Top2	Top2
1400	0.295026581024744	2096	Top2	Top2
1401	0.2947317090109395	2096	Top2	Top2
1402	0.2932227167477175	2094	Top2	Top2
1403	0.2909309456519515	2094	Top2	Top2
1404	0.2899851369015895	2090	Top2	Top2
1405	0.286308631386895	2087	Top2	Top2
1406	0.286308631386895	2086	Top2	Top2
1407	0.2852493688766925	2085	Top2	Top2
1408	0.2850938188707265	2083	Top2	Top2
1409	0.28394306557343696	2083	Top2	Top2
1410	0.2830327827955935	2084	Top2	Top2
1411	0.28233420499711903	2083	Top2	Top2
1412	0.28183527914851003	2085	Top2	Top2
1413	0.27677690596583554	2081	Top2	Top2
1414	0.27556643721977503	2076	Top2	Top2
1415	0.2719874033489905	2077	Top2	Top2
1416	0.269164757028107	2074	Top2	Top2
1417	0.270196318644074	2070	Top2	Top2
1418	0.267933109185664	2069	Top2	Top2
1419	0.26877578808361346	2068	Top2	Top2
1420	0.269833710132626	2066	Top2	Top2
1421	0.268124676820477	2063	Top2	Top2
1422	0.26927255573611897	2062	Top2	Top2
1423	0.26720613040421304	2060	Top2	Top2
1424	0.263211078008534	2058	Top2	Top2
1425	0.2628648785327025	2063	Top2	Top2
1426	0.26030297707974853	2063	Top2	Top2
1427	0.2598671774905235	2059	Top2	Top2
1428	0.26030297707974853	2057	Top2	Top2
1429	0.2585982570866475	2052	Top2	Top2
1430	0.25611497065153044	2048	Top2	Top2
1431	0.2560590541857245	2045	Top2	Top2
1432	0.25778251362098503	2044	Top2	Top2
1433	0.256166158310561	2043	Top2	Top2
1434	0.2566290991846665	2043	Top2	Top2
1435	0.2563389661493235	2043	Top2	Top2
1436	0.25203768562823503	2038	Top2	Top2
1437	0.24961890478884846	2038	Top2	Top2
1438	0.24741835929013853	2037	Top2	Top2
1439	0.24788942493281102	2035	Top2	Top2
1440	0.246565691685724	2030	Top2	Top2
1441	0.24405778698500102	2028	Top2	Top2
1442	0.2416541346796175	2029	Top2	Top2
1443	0.24166347248429898	2025	Top2	Top2
1444	0.2430450103730995	2022	Top2	Top2
1445	0.244083132402932	2019	Top2	Top2
1446	0.24418671298638203	2018	Top2	Top2
1447	0.23965885256901998	2019	Top2	Top2
1448	0.241345724420199	2017	Top2	Top2
1449	0.23817833518134351	2018	Top2	Top2
1450	0.23616975190815148	2018	Top2	Top2
1451	0.2369348698197415	2018	Top2	Top2
1452	0.23817833518134351	2019	Top2	Top2
1453	0.2337667858837015	2012	Top2	Top2
1454	0.23133585111221647	2010	Top2	Top2
1455	0.230943066915424	2004	Top2	Top2
1456	0.22421429993896952	2007	Top2	Top2
1457	0.22421429993896952	2007	Top2	Top2
1458	0.22463793725833753	2004	Top2	Top2
1459	0.2232304731572785	2002	Top2	Top2
1460	0.22200702685345952	2001	Top2	Top2
1461	0.219935383766843	1999	Top2	Top2
1462	0.21742677018524154	1997	Top2	Top2
1463	0.218598982620269	1995	Top2	Top2
1464	0.215780166015996	1995	Top2	Top2
1465	0.215780166015996	1996	Top2	Top2
1466	0.2167630359470915	1996	Top2	Top2
1467	0.2138744679874455	1993	Top2	Top2
1468	0.2213643372834585	1991	Top2	Top2
1469	0.219129749101877	1990	Top2	Top2
1470	0.21484019815115601	1988	Top2	Top2
1471	0.21187707564310052	1989	Top2	Top2
1472	0.21139481605049798	1986	Top2	Top2
1473	0.20829637537377702	1985	Top2	Top2
1474	0.208261732113391	1984	Top2	Top2
1475	0.20877437790157805	1978	Top2	Top2
1476	0.20663703050051252	1976	Top2	Top2
1477	0.20284434527123302	1977	Top2	Top2
1478	0.19931169952350097	1976	Top2	Top2
1479	0.19488928093755797	1972	Top2	Top2
1480	0.1928942767770205	1973	Top2	Top2
1481	0.190934136030398	1970	Top2	Top2
1482	0.1926781008449195	1965	Top2	Top2
1483	0.195100386995706	1964	Top2	Top2
1484	0.195648390692024	1961	Top2	Top2
1485	0.193414294651511	1961	Top2	Top2
1486	0.195648390692024	1960	Top2	Top2
1487	0.193414294651511	1957	Top2	Top2
1488	0.1930541863494295	1951	Top2	Top2
1489	0.19269656874930502	1948	Top2	Top2
1490	0.1910430113387665	1946	Top2	Top2
1491	0.18880706543160847	1947	Top2	Top2
1492	0.186380570771072	1949	Top2	Top2
1493	0.1817261850072685	1948	Top2	Top2
1494	0.18008832643259498	1946	Top2	Top2
1495	0.1792617374501085	1946	Top2	Top2
1496	0.17784382281997502	1944	Top2	Top2
1497	0.174779621538092	1940	Top2	Top2
1498	0.17161280308274302	1938	Top2	Top2
1499	0.172044125791181	1934	Top2	Top2
1500	0.1701692903981812	1930	Top2	Top2
